"dmuiid","lmapunitiid","muiid","MLRARSYM","Count","percentmlra","pmlra","mu.total","affinity","LRU","best","ofbest","compname","coiid","areasymbol","areaname","nationalmusym","muname","tgs","majcompflag","comppct_r","taxorder","taxsubgrp","taxclname","drainagecl","slope_r","carbdepth","rockdepth","T50_frag","T50_sand","T50_silt","T50_clay","T50_OM","T50_AWC","T50_pH","T150_frag","T150_sand","T150_silt","T150_clay","T150_OM","T150_AWC","flood","humicdepth","ec","pmkind","pmorigin","landform_string","hydricrating","Bhs","Water_Table","grpname"
173153,294862,294862,"140",2561,0.00391656017069045,0.00391656017069045,0.00391656017069045,100,"140",100,100,"Warners",356855,"NY101","Steuben County, New York","9wtp","Warners silt loam",15.3707617823382,TRUE,80,"mollisols","fluvaquentic haplaquolls","FLUVAQUENTIC HAPLAQUOLLS, FINE-SILTY, CARBONATIC, MESIC","very poorly",2,0,250,0,12.491999874115,64.4880020141602,23.02,4.64,NA,7.40799993515015,0,14.1639999580383,61.4960006713867,24.34,2.88,NA,"flood",33,0,"alluvium & marl",NA,"swamp & marsh","yes","no",0,"12-BEL Belmont, New York"
174671,296492,296492,"140",1620,0.00247748046720755,0.00247748046720755,0.00370449543890867,66.8776762737061,"140",66.8776762737061,100,"Weikert",363318,"PA079","Luzerne County, Pennsylvania","9yj8","Weikert and Klinesville channery silt loams, 3 to 8 percent slopes",17.1939673749253,TRUE,60,"inceptisols","lithic dystrochrepts","LITHIC DYSTROCHREPTS, LOAMY-SKELETAL, MIXED, MESIC","well",6,250,43,46.4883720930233,26.2999992370605,52.7000007629395,21,1.43023255813953,3.57999995723367,5.30000019073486,46.4883720930233,26.2999992370605,52.7000007629395,21,1.43023255813953,3.57999995723367,"none",20,0,"residuum","shale and siltstone","hill","no","no",250,"State Office PA - Region 6"
174671,296492,296492,"140",1620,0.00247748046720755,0.00247748046720755,0.00370449543890867,66.8776762737061,"140",66.8776762737061,100,"Klinesville",363319,"PA079","Luzerne County, Pennsylvania","9yj8","Weikert and Klinesville channery silt loams, 3 to 8 percent slopes",17.1939673749253,TRUE,30,"inceptisols","lithic dystrochrepts","LITHIC DYSTROCHREPTS, LOAMY-SKELETAL, MIXED, MESIC","well",6,250,38,46.5526315789474,29.9684214341013,54.7026331048263,15.3289473684211,0.736842106831701,3.03999995067716,5.30000019073486,46.5526315789474,29.9684214341013,54.7026331048263,15.3289473684211,0.736842106831701,3.03999995067716,"none",5,0,"residuum","siltstone, unspecified","ridge & valley","no","no",250,"State Office PA - Region 6"
174672,296493,296493,"140",2632,0.00402514110474708,0.00402514110474708,0.00469457606858954,85.7402467430123,"140",85.7402467430123,100,"Weikert",363321,"PA079","Luzerne County, Pennsylvania","9yj9","Weikert and Klinesville channery silt loams, 8 to 15 percent slopes",17.0776489240169,TRUE,60,"inceptisols","lithic dystrochrepts","LITHIC DYSTROCHREPTS, LOAMY-SKELETAL, MIXED, MESIC","well",12,250,43,46.4883720930233,26.2999992370605,52.7000007629395,21,1.19767441860465,3.57999995723367,5.30000019073486,46.4883720930233,26.2999992370605,52.7000007629395,21,1.19767441860465,3.57999995723367,"none",20,0,"residuum","shale and siltstone","hill","no","no",250,"State Office PA - Region 6"
174672,296493,296493,"140",2632,0.00402514110474708,0.00402514110474708,0.00469457606858954,85.7402467430123,"140",85.7402467430123,100,"Klinesville",363322,"PA079","Luzerne County, Pennsylvania","9yj9","Weikert and Klinesville channery silt loams, 8 to 15 percent slopes",17.0776489240169,TRUE,30,"inceptisols","lithic dystrochrepts","LITHIC DYSTROCHREPTS, LOAMY-SKELETAL, MIXED, MESIC","well",12,250,38,46.5526315789474,29.9684214341013,54.7026331048263,15.3289473684211,0.736842106831701,3.03999995067716,5.30000019073486,46.5526315789474,29.9684214341013,54.7026331048263,15.3289473684211,0.736842106831701,3.03999995067716,"none",5,0,"residuum","siltstone, unspecified","ridge & valley","no","no",250,"State Office PA - Region 6"
174673,296494,296494,"140",1547,0.00236584091529017,0.00236584091529017,0.00313187788657319,75.5406500819483,"140",75.5406500819483,100,"Klinesville",363325,"PA079","Luzerne County, Pennsylvania","9yjb","Weikert and Klinesville channery silt loams, 15 to 25 percent slopes",17.1207735701881,TRUE,30,"inceptisols","lithic dystrochrepts","LITHIC DYSTROCHREPTS, LOAMY-SKELETAL, MIXED, MESIC","well",20,250,38,46.5526315789474,29.9684214341013,54.7026331048263,15.3289473684211,0.736842106831701,3.03999995067716,5.30000019073486,46.5526315789474,29.9684214341013,54.7026331048263,15.3289473684211,0.736842106831701,3.03999995067716,"none",5,0,"residuum","siltstone, unspecified","ridge & valley","no","no",250,"State Office PA - Region 6"
174673,296494,296494,"140",1547,0.00236584091529017,0.00236584091529017,0.00313187788657319,75.5406500819483,"140",75.5406500819483,100,"Weikert",363324,"PA079","Luzerne County, Pennsylvania","9yjb","Weikert and Klinesville channery silt loams, 15 to 25 percent slopes",17.1207735701881,TRUE,60,"inceptisols","lithic dystrochrepts","LITHIC DYSTROCHREPTS, LOAMY-SKELETAL, MIXED, MESIC","well",20,250,43,46.4883720930233,26.2999992370605,52.7000007629395,21,1.43023255813953,3.57999995723367,5.30000019073486,46.4883720930233,26.2999992370605,52.7000007629395,21,1.43023255813953,3.57999995723367,"none",20,0,"residuum","shale and siltstone","hill","no","no",250,"State Office PA - Region 6"
174934,296756,296756,"140",30879,0.0472235304610506,0.0472235304610506,0.0472235304610506,100,"140",100,100,"Linden",364055,"PA610","Bradford and Sullivan Counties, Pennsylvania","9yss","Linden soils",16.2945185901008,TRUE,90,"inceptisols","fluventic dystrudepts","Coarse-loamy, mixed, active, mesic Fluventic Dystrudepts","well",2,250,250,0,30.3999996185303,55.5999984741211,14,1.285,7.99999982118607,4.80000019073486,0,38.9200000762939,46.8399984741211,14.24,0.715,20.7599996030331,"flood",23,0,"alluvium","sedimentary, unspecified","flood plain","no","no",250,"State Office PA - Region 6"
174934,542379,542379,"147",6229,0.0105567351639866,0.0105567351639866,0.0105913193861875,99.6734663459773,"147",99.6734663459773,100,"Linden",364055,"PA013","Blair County, Pennsylvania","l6d3","Linden soils",17.5683521036912,TRUE,90,"inceptisols","fluventic dystrudepts","Coarse-loamy, mixed, active, mesic Fluventic Dystrudepts","well",2,250,250,0,30.3999996185303,55.5999984741211,14,1.285,7.99999982118607,4.80000019073486,0,38.9200000762939,46.8399984741211,14.24,0.715,20.7599996030331,"flood",23,0,"alluvium","sedimentary, unspecified","flood plain","no","no",250,"State Office PA - Region 6"
361502,1883685,1883685,"127",1300,0.00236628888743231,0.00236628888743231,0.00236628888743231,100,"127",100,100,"Tioga",778544,"PA105","Potter County, Pennsylvania","21741","Tioga fine sandy loam, 0 to 3 percent slopes",15.1555765687502,TRUE,90,"inceptisols","dystric fluventic eutrudepts","Coarse-loamy, mixed, superactive, mesic Dystric Fluventic Eutrudepts","well",2,250,250,0,74.0200012207031,14.4799999237061,11.5,2.6,8.20000022649765,6.19999980926514,0,84.1000024414062,5.88333332220713,10.0166666666667,1.2,19.530000180006,"flood",30,0,"alluvium","sedimentary, unspecified","flood plain","no","no",250,"12-BEL Belmont, New York"
361504,1883684,1883684,"127",483,0.000879167332792157,0.000879167332792157,0.000879167332792157,100,"127",100,100,"Tioga",778548,"PA105","Potter County, Pennsylvania","21740","Tioga gravelly loam, 0 to 3 percent slopes",14.9326249926233,TRUE,90,"inceptisols","dystric fluventic eutrudepts","Coarse-loamy, mixed, superactive, mesic Dystric Fluventic Eutrudepts","well",2,250,250,0,60.7000007629395,27.8000003814697,11.5,2.6,7.00000002980232,6.19999980926514,0,79.6600022888184,10.323333474795,10.0166666666667,1.2,18.3299999833107,"flood",30,0,"alluvium","sedimentary, unspecified","flood plain","no","no",250,"12-BEL Belmont, New York"
362031,539308,539308,"147",1280,0.00216930823726165,0.00216930823726165,0.00276268010224716,78.5218757501868,"147",78.5218757501868,100,"Conotton",779853,"PA025","Carbon County, Pennsylvania","l361","Conotton gravelly loam, 0 to 3 percent slopes",17.5388982118748,TRUE,95,"alfisols","typic hapludalfs","Loamy-skeletal, mixed, mesic Typic Hapludalfs","well",2,250,250,23.8,57.6,26.2,16.2,0.909999996423721,4.79999989271164,5.74000005722046,29.6842105263158,65.0789473684211,21.3157894736842,13.6052631578947,0.678947366381946,11.9999997317791,"none",0,0,"outwash",NA,"outwash terrace","no","no",250,"State Office PA - Region 6"
362032,539309,539309,"147",226,0.00038301848564151,0.00038301848564151,0.00038301848564151,100,"147",100,100,"Conotton",779855,"PA025","Carbon County, Pennsylvania","l362","Conotton gravelly loam, 3 to 8 percent slopes",17.4989741165026,TRUE,98,"alfisols","typic hapludalfs","Loamy-skeletal, mixed, mesic Typic Hapludalfs","well",6,250,250,23.8,57.6,26.2,16.2,0.909999996423721,4.79999989271164,5.74000005722046,29.6842105263158,65.0789473684211,21.3157894736842,13.6052631578947,0.678947366381946,11.9999997317791,"none",0,0,"outwash",NA,"outwash terrace","no","no",250,"State Office PA - Region 6"
362033,539310,539310,"140",103,0.000157518819828628,0.000157518819828628,0.00018802471691512,83.7755920673646,"140",83.7755920673646,100,"Conotton",779857,"PA025","Carbon County, Pennsylvania","l363","Conotton gravelly loam, 15 to 25 percent slopes",16.6550767126162,TRUE,99,"alfisols","typic hapludalfs","Loamy-skeletal, mixed, mesic Typic Hapludalfs","well",20,250,250,23.8,57.6,26.2,16.2,0.909999996423721,4.79999989271164,5.74000005722046,29.6842105263158,65.0789473684211,21.3157894736842,13.6052631578947,0.678947366381946,11.9999997317791,"none",0,0,"outwash",NA,"outwash terrace","no","no",250,"State Office PA - Region 6"
362133,539410,539410,"147",240,0.000406745294486559,0.000406745294486559,0.000795189762801817,51.150720685011,"147",51.150720685011,100,"Swartswood",779983,"PA025","Carbon County, Pennsylvania","l39b","Swartswood channery silt loam, 0 to 8 percent slopes",15.8900121619344,TRUE,100,"inceptisols","typic fragiochrepts","Coarse-loamy, mixed, mesic Typic Fragiochrepts","well",4,250,250,32.74,44.1699992370605,40.5700007629395,15.26,0.742000008821487,5.00000007450581,4.59999990463257,36.8333333333333,56.8566680399577,28.6166674296061,14.5266666666667,0.33533333837986,13.319999948144,"none",13,0,"till, unspecified","sandstone, unspecified","hill","no","no",250,"State Office PA - Region 6"
362134,539411,539411,"140",59,9.02292268921268e-05,9.02292268921268e-05,9.02292268921268e-05,100,"140",100,100,"Swartswood",779984,"PA025","Carbon County, Pennsylvania","l39c","Swartswood channery silt loam, 8 to 15 percent slopes, moderately eroded",16.1217189724162,TRUE,100,"inceptisols","typic fragiochrepts","Coarse-loamy, mixed, mesic Typic Fragiochrepts","well",12,250,250,32.74,44.1699992370605,40.5700007629395,15.26,0.742000008821487,5.00000007450581,4.59999990463257,36.8333333333333,56.8566680399577,28.6166674296061,14.5266666666667,0.33533333837986,13.319999948144,"none",13,0,"till, unspecified","sandstone, unspecified","hill","no","no",250,"State Office PA - Region 6"
362135,539412,539412,"147",5350,0.00906703052292955,0.00906703052292955,0.0169720283840381,53.4233759086624,"147",53.4233759086624,100,"Swartswood",779985,"PA025","Carbon County, Pennsylvania","l39d","Swartswood very stony loam, 0 to 8 percent slopes",16.0078620400217,TRUE,100,"inceptisols","typic fragiochrepts","Coarse-loamy, mixed, mesic Typic Fragiochrepts","well",4,250,250,34.82,44.1699992370605,40.5700007629395,15.26,0.742000008821487,5.00000007450581,4.59999990463257,37.5266666666667,56.8566680399577,28.6166674296061,14.5266666666667,0.33533333837986,13.319999948144,"none",13,0,"till, unspecified","sandstone, unspecified","hill","no","no",250,"State Office PA - Region 6"
362136,539413,539413,"140",4188,0.00640474580041063,0.00640474580041063,0.00760972873532706,84.1652314185331,"140",84.1652314185331,100,"Swartswood",779986,"PA025","Carbon County, Pennsylvania","l39f","Swartswood very stony loam, 8 to 25 percent slopes",16.0797768834416,TRUE,100,"inceptisols","typic fragiochrepts","Coarse-loamy, mixed, mesic Typic Fragiochrepts","well",17,250,250,34.82,44.1699992370605,40.5700007629395,15.26,0.742000008821487,5.00000007450581,4.59999990463257,37.5266666666667,56.8566680399577,28.6166674296061,14.5266666666667,0.33533333837986,13.319999948144,"none",13,0,"till, unspecified","sandstone, unspecified","hill","no","no",250,"State Office PA - Region 6"
362138,539415,539415,"147",886,0.00150156804547955,0.00150156804547955,0.00150156804547955,100,"147",100,100,"Tioga",779990,"PA025","Carbon County, Pennsylvania","l39h","Tioga silt loam",18.1162426563203,TRUE,95,"inceptisols","dystric fluventic eutrochrepts","Coarse-loamy, mixed, mesic Dystric Fluventic Eutrochrepts","well",2,250,250,7.94,32.2999992370605,56.2000007629395,11.5,2.0020000064373,7.92000018060207,6.19999980926514,23.3066666666667,61.6066657765706,30.2766670608521,8.11666666666667,0.788000005384286,19.7900001555681,"flood",23,0,"alluvium","sedimentary, unspecified","flood plain","no","no",250,"State Office PA - Region 6"
362139,539416,539416,"147",7637,0.0129429742249744,0.0129429742249744,0.0140578404352178,92.0694347372842,"147",92.0694347372842,100,"Tioga",779993,"PA025","Carbon County, Pennsylvania","l39j","Tioga and Middlebury very stony loams, 0 to 8 percent slopes",16.773920061256,TRUE,50,"inceptisols","dystric fluventic eutrochrepts","Coarse-loamy, mixed, mesic Dystric Fluventic Eutrochrepts","well",4,250,250,23.58,38.2799992370605,50.2200007629395,11.5,2.0020000064373,7.00000002980232,6.19999980926514,28.52,63.599999109904,28.2833337275187,8.11666666666667,0.788000005384286,18.8700000047684,"flood",23,0,"alluvium","sedimentary, unspecified","flood plain","no","no",250,"State Office PA - Region 6"
362139,539416,539416,"147",7637,0.0129429742249744,0.0129429742249744,0.0140578404352178,92.0694347372842,"147",92.0694347372842,100,"Middlebury",779994,"PA025","Carbon County, Pennsylvania","l39j","Tioga and Middlebury very stony loams, 0 to 8 percent slopes",16.773920061256,TRUE,45,"inceptisols","fluvaquentic eutrochrepts","Coarse-loamy, mixed, mesic Fluvaquentic Eutrochrepts","moderately well",2,250,250,25.88,37.3799992370605,48.2600007629395,14.36,2.93200000524521,7.22000014781952,6.10800010681152,26.4933333333333,59.5019995880127,27.3913337453206,13.1066666666667,1.1313333389163,16.0100002400577,"flood",28,0,"alluvium","sandstone and shale","flood plain","no","no",100,"State Office PA - Region 6"
362148,539425,539425,"140",3260,0.0049855471130226,0.0049855471130226,0.00914960206532875,54.4892234375383,"140",54.4892234375383,100,"Volusia",780013,"PA025","Carbon County, Pennsylvania","l39t","Volusia very stony loam, 0 to 8 percent slopes",15.9385071875062,TRUE,85,"inceptisols","aeric fragiaquepts","Fine-loamy, mixed, mesic Aeric Fragiaquepts","somewhat poorly",4,250,250,31.82,51.1160010528564,28.4940002632141,20.39,2.21600000560284,6.28999990224838,5.55599998474121,36.2066666666667,56.1320019785563,26.6713338279724,17.1966666666667,0.805333336194356,8.2899998575449,"none",23,0,"till, basal","sandstone and siltstone","valley side","no","no",50,"State Office PA - Region 6"
362154,539431,539431,"140",144,0.000220220485974004,0.000220220485974004,0.000282927052207349,77.8364897438691,"140",77.8364897438691,100,"Wurtsboro",780026,"PA025","Carbon County, Pennsylvania","l3b0","Wurtsboro channery loam, 0 to 3 percent slopes",16.2018505644403,TRUE,90,"inceptisols","typic fragiochrepts","Coarse-loamy, mixed, mesic Typic Fragiochrepts","moderately well",2,250,250,24,44.2999992370605,40.7000007629395,15,1.15000000596046,5.99999986588955,4.59999990463257,28.4193548387097,44.2999992370605,40.7000007629395,15,0.562096779505091,16.7903224306722,"none",25,0,"till, unspecified","sandstone, unspecified","hill","no","no",100,"State Office PA - Region 6"
362156,539433,539433,"140",5993,0.00916514841973756,0.00916514841973756,0.0180508383322085,50.7740873363426,"140",50.7740873363426,100,"Wurtsboro",780032,"PA025","Carbon County, Pennsylvania","l3b2","Wurtsboro very stony loam, 0 to 8 percent slopes",16.0495232658142,TRUE,90,"inceptisols","typic fragiochrepts","Coarse-loamy, mixed, mesic Typic Fragiochrepts","moderately well",4,250,250,33,44.2999992370605,40.7000007629395,15,1.15000000596046,6.24999981373549,4.59999990463257,32.0483870967742,44.2999992370605,40.7000007629395,15,0.562096779505091,17.0927417224213,"none",25,0,"till, unspecified","sandstone, unspecified","hill","no","no",100,"State Office PA - Region 6"
362157,539434,539434,"140",1078,0.00164859502694428,0.00164859502694428,0.00164859502694428,100,"140",100,100,"Wurtsboro",780035,"PA025","Carbon County, Pennsylvania","l3b3","Wurtsboro very stony loam, 8 to 25 percent slopes",15.6719152914129,TRUE,95,"inceptisols","typic fragiochrepts","Coarse-loamy, mixed, mesic Typic Fragiochrepts","moderately well",17,250,250,33,44.2999992370605,40.7000007629395,15,1.15000000596046,6.24999981373549,4.59999990463257,32.0483870967742,44.2999992370605,40.7000007629395,15,0.562096779505091,17.0927417224213,"none",25,0,"till, unspecified","sandstone, unspecified","hill","no","no",100,"State Office PA - Region 6"
362161,539438,539438,"147",1267,0.00214727620047696,0.00214727620047696,0.00214727620047696,100,"147",100,100,"Allenwood",780045,"PA037","Columbia County, Pennsylvania","l3b7","Allenwood silt loam, 0 to 3 percent slopes",17.2105517443843,TRUE,90,"ultisols","typic hapludults","Fine-loamy, mixed, mesic Typic Hapludults","well",2,250,250,13.2,23.6400001525879,49.5600006103516,26.8,1.3,8.20000007748604,4.59999990463257,13.7333333333333,21.213333384196,47.8533335367839,30.9333333333333,0.766666666666667,22.2000001370907,"none",20,0,"till, unspecified","sedimentary, unspecified","valley side","no","no",250,"State Office PA - Region 6"
362162,539439,539439,"147",10660,0.0180662701634447,0.0180662701634447,0.0193891223882191,93.1773486272995,"147",93.1773486272995,100,"Allenwood",780048,"PA037","Columbia County, Pennsylvania","l3b8","Allenwood silt loam, 3 to 12 percent slopes, moderately eroded",17.1214476706614,TRUE,90,"ultisols","typic hapludults","Fine-loamy, mixed, mesic Typic Hapludults","well",8,250,250,13.2,20.6400001525879,52.5600006103516,26.8,1.3,8.20000007748604,4.59999990463257,14.1866666666667,17.5480000305176,51.6920002237956,30.76,0.762666666706403,22.0600001364946,"none",20,0,"till, unspecified","sedimentary, unspecified","valley side","no","no",250,"State Office PA - Region 6"
362163,539440,539440,"147",936,0.00158630664849758,0.00158630664849758,0.00161689282710508,98.1083360569876,"147",98.1083360569876,100,"Allenwood",780051,"PA037","Columbia County, Pennsylvania","l3b9","Allenwood silt loam, 12 to 20 percent slopes, moderately eroded",16.9941128646978,TRUE,90,"ultisols","typic hapludults","Fine-loamy, mixed, mesic Typic Hapludults","well",16,250,250,13.2,20.6400001525879,52.5600006103516,26.8,1.3,8.20000007748604,4.59999990463257,14.1866666666667,17.5480000305176,51.6920002237956,30.76,0.762666666706403,22.0600001364946,"none",20,0,"till, unspecified","sedimentary, unspecified","valley side","no","no",250,"State Office PA - Region 6"
362164,539441,539441,"147",2276,0.00385730120938087,0.00385730120938087,0.00387259429868462,99.6050944631885,"147",99.6050944631885,100,"Allis",780054,"PA037","Columbia County, Pennsylvania","l3bb","Allis silt loam, neutral substratum, 3 to 8 percent slopes, moderately eroded",17.3404372132669,TRUE,90,"inceptisols","aeric haplaquepts","Fine, illitic, acid, mesic Aeric Haplaquepts","poorly",6,250,53,13.7,11.95,55.75,32.3,2,6.69999994337559,4.80000019073486,13.7169811320755,11.8396226415094,55.7075471698113,32.4528301886792,1.91509433962264,7.02999994158745,"none",15,0,"till, unspecified","shale","depression & till plain","yes","no",25,"State Office PA - Region 6"
362167,539444,539444,"147",7483,0.0126819793276788,0.0126819793276788,0.0136225043198595,93.095799640823,"147",93.095799640823,100,"Alvira",780063,"PA037","Columbia County, Pennsylvania","l3bf","Alvira shaly silt loam, 3 to 8 percent slopes, moderately eroded",17.0551528829385,TRUE,85,"ultisols","aeric fragiaquults","Fine-loamy, mixed, mesic Aeric Fragiaquults","somewhat poorly",6,250,250,27,23.9499998092651,54.5500011444092,21.5,0.875,7.99999982118607,4.59999990463257,33.4466666666667,22.5013330078125,54.8986660766602,22.6,0.458333333333333,18.1799999549985,"none",0,0,"till, unspecified",NA,"hillslope","no","no",50,"State Office PA - Region 6"
362168,539445,539445,"147",2101,0.00356071609881775,0.00356071609881775,0.00359130227742525,99.1483262548028,"147",99.1483262548028,100,"Alvira",780066,"PA037","Columbia County, Pennsylvania","l3bg","Alvira shaly silt loam, 8 to 15 percent slopes, moderately eroded",16.8324272114395,TRUE,85,"ultisols","aeric fragiaquults","Fine-loamy, mixed, mesic Aeric Fragiaquults","somewhat poorly",12,250,250,27,23.9499998092651,54.5500011444092,21.5,0.875,7.99999982118607,4.59999990463257,32.1533333333333,22.5013330078125,54.8986660766602,22.6,0.458333333333333,18.1799999549985,"none",0,0,"till, unspecified",NA,"hillslope","no","no",50,"State Office PA - Region 6"
362169,539446,539446,"147",2783,0.00471655064398372,0.00471655064398372,0.0047731350744076,98.8145227498952,"147",98.8145227498952,100,"Atherton",780069,"PA037","Columbia County, Pennsylvania","l3bh","Atherton loam",17.7955838622776,TRUE,65,"inceptisols","aeric haplaquepts","Fine-loamy, mixed, nonacid, mesic Aeric Haplaquepts","poorly",2,250,250,9.8,48.9599990844727,30.8400009155273,20.2,4.6,8.70000004768372,6.39999980926514,23.1333333333333,58.9533330281576,21.1200003051758,19.9266666666667,1.93666666666667,18.9600004553795,"none",30,0,"glaciofluvial deposits",NA,"stream terrace","yes","no",25,"State Office PA - Region 6"
362186,539463,539463,"140",8332,0.0127422020078847,0.0127422020078847,0.0127422020078847,100,"140",100,100,"Canfield",780122,"PA037","Columbia County, Pennsylvania","l3c1","Canfield channery silt loam, 3 to 8 percent slopes, moderately eroded",16.7499145829672,TRUE,85,"alfisols","aquic fragiudalfs","Fine-loamy, mixed, mesic Aquic Fragiudalfs","moderately well",6,250,250,18,35.7599998474121,44.3400001525879,19.9,0.95,8.50000008940697,5.36000003814697,16.6614173228346,39.2149597528413,40.344095365269,20.4409448818898,0.525590551181102,19.9251972432212,"none",20,0,"till, unspecified","sandstone","till plain","no","no",100,"State Office PA - Region 6"
362187,539464,539464,"147",13143,0.0222743891893202,0.0222743891893202,0.0256021654218163,87.0019735531418,"147",87.0019735531418,100,"Chenango",780125,"PA037","Columbia County, Pennsylvania","l3c2","Chenango gravelly sandy loam, 0 to 3 percent slopes",17.9394682739724,TRUE,90,"inceptisols","typic dystrochrepts","Loamy-skeletal, mixed, mesic Typic Dystrochrepts","well",2,250,250,31,50.2000007629395,37.7999992370605,12,2.25,5.74999991804361,5.30000019073486,39.5081967213115,65.3647560995133,26.8770471791752,7.75819672131148,1.2172131147541,10.0204916434271,"none",25,0,"outwash",NA,"outwash terrace","no","no",250,"State Office PA - Region 6"
362188,539465,539465,"147",3069,0.00520125545324687,0.00520125545324687,0.00687279011414678,75.678950860739,"147",75.678950860739,100,"Chenango",780128,"PA037","Columbia County, Pennsylvania","l3c3","Chenango gravelly sandy loam, 3 to 12 percent slopes, moderately eroded",17.8231411754713,TRUE,90,"inceptisols","typic dystrochrepts","Loamy-skeletal, mixed, mesic Typic Dystrochrepts","well",8,250,250,32,50.2000007629395,37.7999992370605,12,2.25,5.74999991804361,5.30000019073486,39.9672131147541,65.3647560995133,26.8770471791752,7.75819672131148,1.2172131147541,10.0204916434271,"none",25,0,"outwash",NA,"outwash terrace","no","no",250,"State Office PA - Region 6"
362189,539466,539466,"147",899,0.00152360008226424,0.00152360008226424,0.00202368410249687,75.2884346121206,"147",75.2884346121206,100,"Chenango",780131,"PA037","Columbia County, Pennsylvania","l3c4","Chenango gravelly sandy loam, 12 to 20 percent slopes, moderately eroded",17.4445025364688,TRUE,90,"inceptisols","typic dystrochrepts","Loamy-skeletal, mixed, mesic Typic Dystrochrepts","well",16,250,250,32,50.2000007629395,37.7999992370605,12,2.25,5.74999991804361,5.30000019073486,39.9672131147541,65.3647560995133,26.8770471791752,7.75819672131148,1.2172131147541,10.0204916434271,"none",25,0,"outwash",NA,"outwash terrace","no","no",250,"State Office PA - Region 6"
362190,539467,539467,"147",460,0.000779595147765905,0.000779595147765905,0.00120933095720129,64.4649955517631,"147",64.4649955517631,100,"Chenango",780133,"PA037","Columbia County, Pennsylvania","l3c5","Chenango gravelly sandy loam, 20 to 35 percent slopes, severely eroded",17.6428452902316,TRUE,90,"inceptisols","typic dystrochrepts","Loamy-skeletal, mixed, mesic Typic Dystrochrepts","well",28,250,250,31,50.2000007629395,37.7999992370605,12,2.25,5.74999991804361,5.30000019073486,39.5081967213115,65.3647560995133,26.8770471791752,7.75819672131148,1.2172131147541,10.0204916434271,"none",25,0,"outwash",NA,"outwash terrace","no","no",250,"State Office PA - Region 6"
362191,539468,539468,"147",7184,0.012175242481631,0.012175242481631,0.0133176362526211,91.4219479394078,"147",91.4219479394078,100,"Chenango",780135,"PA037","Columbia County, Pennsylvania","l3c6","Chenango silt loam, 0 to 3 percent slopes",17.9172164557215,TRUE,90,"inceptisols","typic dystrochrepts","Loamy-skeletal, mixed, mesic Typic Dystrochrepts","well",2,250,250,23,32.0999984741211,55.9000015258789,12,2.25,6.50000013411045,5.30000019073486,36.2295081967213,57.9467223745878,34.2950809041008,7.75819672131148,1.2172131147541,10.942623056624,"none",25,0,"outwash",NA,"outwash terrace","no","no",250,"State Office PA - Region 6"
362192,539469,539469,"147",4247,0.00719769694035173,0.00719769694035173,0.007916472137628,90.920511248188,"147",90.920511248188,100,"Chenango",780138,"PA037","Columbia County, Pennsylvania","l3c7","Chenango silt loam, 3 to 12 percent slopes, moderately eroded",17.7910324324737,TRUE,90,"inceptisols","typic dystrochrepts","Loamy-skeletal, mixed, mesic Typic Dystrochrepts","well",8,250,250,23,32.0999984741211,55.9000015258789,12,2.25,6.50000013411045,5.30000019073486,36.2295081967213,57.9467223745878,34.2950809041008,7.75819672131148,1.2172131147541,10.942623056624,"none",25,0,"outwash",NA,"outwash terrace","no","no",250,"State Office PA - Region 6"
362272,539549,539549,"140",922,0.00141002283380578,0.00141002283380578,0.00141002283380578,100,"140",100,100,"Ravenna",780281,"PA037","Columbia County, Pennsylvania","l3ft","Ravenna channery silt loam, 0 to 3 percent slopes",16.6271700372923,TRUE,95,"alfisols","aeric fragiaqualfs","Fine-loamy, mixed, mesic Aeric Fragiaqualfs","somewhat poorly",2,250,250,12.6,34.5599998474121,44.1400001525879,21.3,0.95,9.10000011324883,4.80000019073486,12.5826771653543,38.4283465287817,40.0204723688561,21.5511811023622,0.525590551181102,20.5748032221175,"none",20,0,"till, unspecified",NA,"till plain","no","no",50,"State Office PA - Region 6"
362273,539550,539550,"140",3670,0.00561256377447636,0.00561256377447636,0.00561256377447636,100,"140",100,100,"Ravenna",780283,"PA037","Columbia County, Pennsylvania","l3fv","Ravenna channery silt loam, 3 to 8 percent slopes",16.7033429039272,TRUE,95,"alfisols","aeric fragiaqualfs","Fine-loamy, mixed, mesic Aeric Fragiaqualfs","somewhat poorly",6,250,250,12.6,34.5599998474121,44.1400001525879,21.3,0.95,9.10000011324883,4.80000019073486,12.8818897637795,38.4283465287817,40.0204723688561,21.5511811023622,0.525590551181102,20.5748032221175,"none",20,0,"till, unspecified",NA,"till plain","no","no",50,"State Office PA - Region 6"
362280,539557,539557,"147",3010,0.0051012639016856,0.0051012639016856,0.00515478971424872,98.9616295614316,"147",98.9616295614316,100,"Tioga",780298,"PA037","Columbia County, Pennsylvania","l3g2","Tioga fine sandy loam",17.3865095498722,TRUE,95,"inceptisols","dystric fluventic eutrochrepts","Coarse-loamy, mixed, mesic Dystric Fluventic Eutrochrepts","well",3,250,250,11.6,39.3399993896484,49.1600006103516,11.5,1.2,7.40000009536743,6.19999980926514,25.4666666666667,35.2599992879232,54.7733340454102,9.96666666666667,0.733333333333333,18.6400000452995,"flood",10,0,"alluvium","sedimentary, unspecified","flood plain","no","no",250,"State Office PA - Region 6"
362280,539414,539414,"140",1166,0.00178317421281728,0.00178317421281728,0.00311187550814004,57.3022348790258,"140",57.3022348790258,100,"Tioga",780298,"PA025","Carbon County, Pennsylvania","l39g","Tioga fine sandy loam",16.8111270493727,TRUE,95,"inceptisols","dystric fluventic eutrochrepts","Coarse-loamy, mixed, mesic Dystric Fluventic Eutrochrepts","well",3,250,250,11.6,39.3399993896484,49.1600006103516,11.5,1.2,7.40000009536743,6.19999980926514,25.4666666666667,35.2599992879232,54.7733340454102,9.96666666666667,0.733333333333333,18.6400000452995,"flood",10,0,"alluvium","sedimentary, unspecified","flood plain","no","no",250,"State Office PA - Region 6"
362281,539558,539558,"147",206,0.000349123044434297,0.000349123044434297,0.000428647108813798,81.4476610842962,"147",81.4476610842962,100,"Tioga",780300,"PA037","Columbia County, Pennsylvania","l3g3","Tioga gravelly loam",17.3581731781479,TRUE,98,"inceptisols","dystric fluventic eutrochrepts","Coarse-loamy, mixed, mesic Dystric Fluventic Eutrochrepts","well",2,250,250,16,34.8999992370605,53.6000007629395,11.5,1.2,7.00000002980232,6.19999980926514,26.88,33.7799992370605,56.2533340962728,9.96666666666667,0.733333333333333,18.2399999797344,"flood",10,0,"alluvium","sedimentary, unspecified","flood plain","no","no",250,"State Office PA - Region 6"
362282,539559,539559,"147",6884,0.0116668108635228,0.0116668108635228,0.0120109053728572,97.1351492776558,"147",97.1351492776558,100,"Tioga",780302,"PA037","Columbia County, Pennsylvania","l3g4","Tioga silt loam",17.4066779077229,TRUE,95,"inceptisols","dystric fluventic eutrochrepts","Coarse-loamy, mixed, mesic Dystric Fluventic Eutrochrepts","well",2,250,250,11.6,32.2999992370605,56.2000007629395,11.5,1.2,7.40000009536743,6.19999980926514,25.4666666666667,32.9133325703939,57.1200007629395,9.96666666666667,0.733333333333333,18.6400000452995,"flood",10,0,"alluvium","sedimentary, unspecified","flood plain","no","no",250,"State Office PA - Region 6"
362283,539560,539560,"147",1661,0.00281501639225906,0.00281501639225906,0.00281501639225906,100,"147",100,100,"Tioga",780304,"PA037","Columbia County, Pennsylvania","l3g5","Tioga silt loam, high bottom",17.8885187382155,TRUE,95,"inceptisols","dystric fluventic eutrochrepts","Coarse-loamy, mixed, mesic Dystric Fluventic Eutrochrepts","well",2,250,250,11.6,32.2999992370605,56.2000007629395,11.5,1.2,7.40000009536743,6.19999980926514,25.4666666666667,32.9133325703939,57.1200007629395,9.96666666666667,0.733333333333333,18.6400000452995,"flood",10,0,"alluvium","sedimentary, unspecified","flood plain","no","no",250,"State Office PA - Region 6"
362304,539581,539581,"140",11882,0.0181712487107161,0.0181712487107161,0.0181712487107161,100,"140",100,100,"Wooster",780346,"PA037","Columbia County, Pennsylvania","l3gv","Wooster channery silt loam, 3 to 12 percent slopes, moderately eroded",16.7044790420763,TRUE,100,"alfisols","typic fragiudalfs","Fine-loamy, mixed, mesic Typic Fragiudalfs","well",8,250,250,15.5,35.8499994277954,46.1500015258789,18,1.125,8.50000008940697,5.30000019073486,16.9866666666667,39.404666074117,40.8220009104411,19.7733333333333,0.541666666666667,20.2500000521541,"none",25,0,"till, unspecified","sandstone and siltstone","till plain","no","no",250,"State Office PA - Region 6"
362305,539582,539582,"140",4569,0.00698741250288351,0.00698741250288351,0.00698741250288351,100,"140",100,100,"Wooster",780347,"PA037","Columbia County, Pennsylvania","l3gw","Wooster channery silt loam, 12 to 20 percent slopes, moderately eroded",16.7185895589593,TRUE,100,"alfisols","typic fragiudalfs","Fine-loamy, mixed, mesic Typic Fragiudalfs","well",16,250,250,15.5,35.8499994277954,46.1500015258789,18,1.125,8.50000008940697,5.30000019073486,16.9866666666667,39.404666074117,40.8220009104411,19.7733333333333,0.541666666666667,20.2500000521541,"none",25,0,"till, unspecified","sandstone and siltstone","till plain","no","no",250,"State Office PA - Region 6"
362306,539583,539583,"140",1236,0.00189022583794354,0.00189022583794354,0.00190378401442642,99.2878301120219,"140",99.2878301120219,100,"Wooster",780348,"PA037","Columbia County, Pennsylvania","l3gx","Wooster channery silt loam, 20 to 35 percent slopes, moderately eroded",16.7478810751936,TRUE,100,"alfisols","typic fragiudalfs","Fine-loamy, mixed, mesic Typic Fragiudalfs","well",28,250,250,15.5,35.8499994277954,46.1500015258789,18,1.125,8.50000008940697,5.30000019073486,16.9866666666667,39.404666074117,40.8220009104411,19.7733333333333,0.541666666666667,20.2500000521541,"none",25,0,"till, unspecified","sandstone and siltstone","till plain","no","no",250,"State Office PA - Region 6"
362308,539585,539585,"140",2833,0.00433253219975246,0.00433253219975246,0.00433253219975246,100,"140",100,100,"Wooster",780350,"PA037","Columbia County, Pennsylvania","l3gz","Wooster and Canfield very stony loams, 0 to 12 percent slopes",16.395548425628,TRUE,51,"inceptisols","typic fragiochrepts","Coarse-loamy, mixed, mesic Typic Fragiochrepts","well",6,250,250,32,45.2999992370605,43.2000007629395,11.5,2.5,7.00000002980232,5.30000019073486,32.8533333333333,45.4033325703939,43.3033340962728,11.2933333333333,1.16666666666667,13.6099999211729,"none",25,0,"till, unspecified","sandstone and siltstone","till plain","no","no",250,"State Office PA - Region 6"
362308,539585,539585,"140",2833,0.00433253219975246,0.00433253219975246,0.00433253219975246,100,"140",100,100,"Canfield",780351,"PA037","Columbia County, Pennsylvania","l3gz","Wooster and Canfield very stony loams, 0 to 12 percent slopes",16.395548425628,TRUE,49,"alfisols","aquic fragiudalfs","Fine-loamy, mixed, mesic Aquic Fragiudalfs","moderately well",6,250,250,16.8,41.3999992370605,38.7000007629395,19.9,0.95,8.50000008940697,5.36000003814697,15.7795275590551,41.4354319534903,38.12362316462,20.4409448818898,0.525590551181102,19.9251972432212,"none",20,0,"till, unspecified","sandstone","till plain","no","no",100,"State Office PA - Region 6"
362315,539047,539047,"147",5314,0.00900601872875656,0.00900601872875656,0.00922444539528877,97.6320888988755,"147",97.6320888988755,100,"Alvira",780379,"PA081","Lycoming County, Pennsylvania","l2xm","Alvira silt loam, 0 to 3 percent slopes",17.5621799745233,TRUE,80,"ultisols","aeric fragiaquults","Fine-loamy, mixed, mesic Aeric Fragiaquults","somewhat poorly",2,250,250,19.1,24.2140005874634,54.576000289917,21.21,0.852000006437302,8.4600000679493,4.59999990463257,30.8133333333333,20.8713340377808,54.3919995880127,24.7366666666667,0.451666669050852,18.6400002017617,"none",0,0,"till, unspecified",NA,"hillslope","no","no",50,"State Office PA - Region 6"
362315,539693,539693,"147",7336,0.0124328478348058,0.0124328478348058,0.0124328478348058,100,"147",100,100,"Alvira",780379,"PA107","Schuylkill County, Pennsylvania","l3lg","Alvira silt loam, 0 to 3 percent slopes",17.6548961295686,TRUE,80,"ultisols","aeric fragiaquults","Fine-loamy, mixed, mesic Aeric Fragiaquults","somewhat poorly",2,250,250,19.1,24.2140005874634,54.576000289917,21.21,0.852000006437302,8.4600000679493,4.59999990463257,30.8133333333333,20.8713340377808,54.3919995880127,24.7366666666667,0.451666669050852,18.6400002017617,"none",0,0,"till, unspecified",NA,"hillslope","no","no",50,"State Office PA - Region 6"
362315,540783,540783,"147",5898,0.00999576561200719,0.00999576561200719,0.00999576561200719,100,"147",100,100,"Alvira",780379,"PA109","Snyder County, Pennsylvania","l4qm","Alvira silt loam, 0 to 3 percent slopes",17.7748745329382,TRUE,80,"ultisols","aeric fragiaquults","Fine-loamy, mixed, mesic Aeric Fragiaquults","somewhat poorly",2,250,250,19.1,24.2140005874634,54.576000289917,21.21,0.852000006437302,8.4600000679493,4.59999990463257,30.8133333333333,20.8713340377808,54.3919995880127,24.7366666666667,0.451666669050852,18.6400002017617,"none",0,0,"till, unspecified",NA,"hillslope","no","no",50,"State Office PA - Region 6"
362315,539442,539442,"147",1628,0.00275908891426716,0.00275908891426716,0.00275908891426716,100,"147",100,100,"Alvira",780379,"PA037","Columbia County, Pennsylvania","l3bc","Alvira silt loam, 0 to 3 percent slopes",17.6902530632675,TRUE,80,"ultisols","aeric fragiaquults","Fine-loamy, mixed, mesic Aeric Fragiaquults","somewhat poorly",2,250,250,19.1,24.2140005874634,54.576000289917,21.21,0.852000006437302,8.4600000679493,4.59999990463257,30.8133333333333,20.8713340377808,54.3919995880127,24.7366666666667,0.451666669050852,18.6400002017617,"none",0,0,"till, unspecified",NA,"hillslope","no","no",50,"State Office PA - Region 6"
362315,538959,538959,"147",10613,0.0179866158766077,0.0179866158766077,0.0179866158766077,100,"147",100,100,"Alvira",780379,"PA093","Montour County, Pennsylvania","l2ts","Alvira silt loam, 0 to 3 percent slopes",17.6767680758436,TRUE,80,"ultisols","aeric fragiaquults","Fine-loamy, mixed, mesic Aeric Fragiaquults","somewhat poorly",2,250,250,19.1,24.2140005874634,54.576000289917,21.21,0.852000006437302,8.4600000679493,4.59999990463257,30.8133333333333,20.8713340377808,54.3919995880127,24.7366666666667,0.451666669050852,18.6400002017617,"none",0,0,"till, unspecified",NA,"hillslope","no","no",50,"State Office PA - Region 6"
362315,539592,539592,"147",9806,0.0166189348238967,0.0166189348238967,0.0166189348238967,100,"147",100,100,"Alvira",780379,"PA097","Northumberland County, Pennsylvania","l3h6","Alvira silt loam, 0 to 3 percent slopes",17.7474286207588,TRUE,80,"ultisols","aeric fragiaquults","Fine-loamy, mixed, mesic Aeric Fragiaquults","somewhat poorly",2,250,250,19.1,24.2140005874634,54.576000289917,21.21,0.852000006437302,8.4600000679493,4.59999990463257,30.8133333333333,20.8713340377808,54.3919995880127,24.7366666666667,0.451666669050852,18.6400002017617,"none",0,0,"till, unspecified",NA,"hillslope","no","no",50,"State Office PA - Region 6"
362315,540878,540878,"147",8816,0.0149411104841396,0.0149411104841396,0.0149411104841396,100,"147",100,100,"Alvira",780379,"PA119","Union County, Pennsylvania","l4tp","Alvira silt loam, 0 to 3 percent slopes",17.7510846444353,TRUE,80,"ultisols","aeric fragiaquults","Fine-loamy, mixed, mesic Aeric Fragiaquults","somewhat poorly",2,250,250,19.1,24.2140005874634,54.576000289917,21.21,0.852000006437302,8.4600000679493,4.59999990463257,30.8133333333333,20.8713340377808,54.3919995880127,24.7366666666667,0.451666669050852,18.6400002017617,"none",0,0,"till, unspecified",NA,"hillslope","no","no",50,"State Office PA - Region 6"
362316,540784,540784,"147",15740,0.0266757122300768,0.0266757122300768,0.0266757122300768,100,"147",100,100,"Alvira",780382,"PA109","Snyder County, Pennsylvania","l4qn","Alvira silt loam, 3 to 8 percent slopes",17.7136489116858,TRUE,82,"ultisols","aeric fragiaquults","Fine-loamy, mixed, mesic Aeric Fragiaquults","somewhat poorly",6,250,250,19.1,24.2140005874634,54.576000289917,21.21,0.852000006437302,8.4600000679493,4.59999990463257,30.8133333333333,20.8713340377808,54.3919995880127,24.7366666666667,0.451666669050852,18.6400002017617,"none",0,0,"till, unspecified",NA,"hillslope","no","no",50,"State Office PA - Region 6"
362316,539048,539048,"147",15754,0.0266994390389219,0.0266994390389219,0.0277114825938545,96.3479270677599,"147",96.3479270677599,100,"Alvira",780382,"PA081","Lycoming County, Pennsylvania","l2xn","Alvira silt loam, 3 to 8 percent slopes",17.052284546413,TRUE,82,"ultisols","aeric fragiaquults","Fine-loamy, mixed, mesic Aeric Fragiaquults","somewhat poorly",6,250,250,19.1,24.2140005874634,54.576000289917,21.21,0.852000006437302,8.4600000679493,4.59999990463257,30.8133333333333,20.8713340377808,54.3919995880127,24.7366666666667,0.451666669050852,18.6400002017617,"none",0,0,"till, unspecified",NA,"hillslope","no","no",50,"State Office PA - Region 6"
362316,296405,296405,"147",1037,0.00175747862659401,0.00175747862659401,0.00187064748744176,93.9502839734643,"147",93.9502839734643,100,"Alvira",780382,"PA079","Luzerne County, Pennsylvania","9yfg","Alvira silt loam, 3 to 8 percent slopes",16.6507056122101,TRUE,82,"ultisols","aeric fragiaquults","Fine-loamy, mixed, mesic Aeric Fragiaquults","somewhat poorly",6,250,250,19.1,24.2140005874634,54.576000289917,21.21,0.852000006437302,8.4600000679493,4.59999990463257,30.8133333333333,20.8713340377808,54.3919995880127,24.7366666666667,0.451666669050852,18.6400002017617,"none",0,0,"till, unspecified",NA,"hillslope","no","no",50,"State Office PA - Region 6"
362316,545450,545450,"147",4441,0.0075264827200617,0.0075264827200617,0.0075264827200617,100,"147",100,100,"Alvira",780382,"PA605","Juniata and Mifflin Counties, Pennsylvania","l9l5","Alvira silt loam, 2 to 8 percent slopes",17.9099126990597,TRUE,82,"ultisols","aeric fragiaquults","Fine-loamy, mixed, mesic Aeric Fragiaquults","somewhat poorly",6,250,250,19.1,24.2140005874634,54.576000289917,21.21,0.852000006437302,8.4600000679493,4.59999990463257,30.8133333333333,20.8713340377808,54.3919995880127,24.7366666666667,0.451666669050852,18.6400002017617,"none",0,0,"till, unspecified",NA,"hillslope","no","no",50,"State Office PA - Region 6"
362316,539593,539593,"147",24429,0.0414015866625506,0.0414015866625506,0.0414015866625506,100,"147",100,100,"Alvira",780382,"PA097","Northumberland County, Pennsylvania","l3h7","Alvira silt loam, 3 to 8 percent slopes",17.5443425403195,TRUE,82,"ultisols","aeric fragiaquults","Fine-loamy, mixed, mesic Aeric Fragiaquults","somewhat poorly",6,250,250,19.1,24.2140005874634,54.576000289917,21.21,0.852000006437302,8.4600000679493,4.59999990463257,30.8133333333333,20.8713340377808,54.3919995880127,24.7366666666667,0.451666669050852,18.6400002017617,"none",0,0,"till, unspecified",NA,"hillslope","no","no",50,"State Office PA - Region 6"
362316,538960,538960,"147",16594,0.0281230475696248,0.0281230475696248,0.0281230475696248,100,"147",100,100,"Alvira",780382,"PA093","Montour County, Pennsylvania","l2tt","Alvira silt loam, 3 to 8 percent slopes",17.5355384316777,TRUE,82,"ultisols","aeric fragiaquults","Fine-loamy, mixed, mesic Aeric Fragiaquults","somewhat poorly",6,250,250,19.1,24.2140005874634,54.576000289917,21.21,0.852000006437302,8.4600000679493,4.59999990463257,30.8133333333333,20.8713340377808,54.3919995880127,24.7366666666667,0.451666669050852,18.6400002017617,"none",0,0,"till, unspecified",NA,"hillslope","no","no",50,"State Office PA - Region 6"
362316,539443,539443,"147",1439,0.00243877699485899,0.00243877699485899,0.00243877699485899,100,"147",100,100,"Alvira",780382,"PA037","Columbia County, Pennsylvania","l3bd","Alvira silt loam, 3 to 8 percent slopes",17.5370414500604,TRUE,82,"ultisols","aeric fragiaquults","Fine-loamy, mixed, mesic Aeric Fragiaquults","somewhat poorly",6,250,250,19.1,24.2140005874634,54.576000289917,21.21,0.852000006437302,8.4600000679493,4.59999990463257,30.8133333333333,20.8713340377808,54.3919995880127,24.7366666666667,0.451666669050852,18.6400002017617,"none",0,0,"till, unspecified",NA,"hillslope","no","no",50,"State Office PA - Region 6"
362316,540879,540879,"147",11173,0.0189356882304097,0.0189356882304097,0.0189356882304097,100,"147",100,100,"Alvira",780382,"PA119","Union County, Pennsylvania","l4tq","Alvira silt loam, 3 to 8 percent slopes",17.7084165283083,TRUE,82,"ultisols","aeric fragiaquults","Fine-loamy, mixed, mesic Aeric Fragiaquults","somewhat poorly",6,250,250,19.1,24.2140005874634,54.576000289917,21.21,0.852000006437302,8.4600000679493,4.59999990463257,30.8133333333333,20.8713340377808,54.3919995880127,24.7366666666667,0.451666669050852,18.6400002017617,"none",0,0,"till, unspecified",NA,"hillslope","no","no",50,"State Office PA - Region 6"
362316,539694,539694,"147",7653,0.0129700905779402,0.0129700905779402,0.0129700905779402,100,"147",100,100,"Alvira",780382,"PA107","Schuylkill County, Pennsylvania","l3lh","Alvira silt loam, 3 to 8 percent slopes",17.6468325594617,TRUE,82,"ultisols","aeric fragiaquults","Fine-loamy, mixed, mesic Aeric Fragiaquults","somewhat poorly",6,250,250,19.1,24.2140005874634,54.576000289917,21.21,0.852000006437302,8.4600000679493,4.59999990463257,30.8133333333333,20.8713340377808,54.3919995880127,24.7366666666667,0.451666669050852,18.6400002017617,"none",0,0,"till, unspecified",NA,"hillslope","no","no",50,"State Office PA - Region 6"
362361,542360,542360,"147",18469,0.0313007451828011,0.0313007451828011,0.0313007451828011,100,"147",100,100,"Holly",780571,"PA013","Blair County, Pennsylvania","l6ch","Holly silt loam",17.4735361038622,TRUE,90,"entisols","typic fluvaquents","Fine-loamy, mixed, nonacid, mesic Typic Fluvaquents","poorly",2,250,250,8.76,23.0879995727539,52.3920004272461,24.52,2.09200000524521,10.3399999141693,6.36799991607666,9.95327102803738,20.9102801741841,52.1831777697412,26.9065420560748,1.13738318637153,29.6775697826225,"flood",28,0,"alluvium","sandstone and shale","backswamp & depression & flood plain","yes","no",25,"State Office PA - Region 6"
362361,540920,540920,"147",26627,0.0451266956512234,0.0451266956512234,0.0451266956512234,100,"147",100,100,"Holly",780571,"PA119","Union County, Pennsylvania","l4w1","Holly silt loam",17.7958739611605,TRUE,90,"entisols","typic fluvaquents","Fine-loamy, mixed, nonacid, mesic Typic Fluvaquents","poorly",2,250,250,8.76,23.0879995727539,52.3920004272461,24.52,2.09200000524521,10.3399999141693,6.36799991607666,9.95327102803738,20.9102801741841,52.1831777697412,26.9065420560748,1.13738318637153,29.6775697826225,"flood",28,0,"alluvium","sandstone and shale","backswamp & depression & flood plain","yes","no",25,"State Office PA - Region 6"
362361,540820,540820,"147",18406,0.0311939745429984,0.0311939745429984,0.0311939745429984,100,"147",100,100,"Holly",780571,"PA109","Snyder County, Pennsylvania","l4rt","Holly silt loam",17.8285533938604,TRUE,90,"entisols","typic fluvaquents","Fine-loamy, mixed, nonacid, mesic Typic Fluvaquents","poorly",2,250,250,8.76,23.0879995727539,52.3920004272461,24.52,2.09200000524521,10.3399999141693,6.36799991607666,9.95327102803738,20.9102801741841,52.1831777697412,26.9065420560748,1.13738318637153,29.6775697826225,"flood",28,0,"alluvium","sandstone and shale","backswamp & depression & flood plain","yes","no",25,"State Office PA - Region 6"
362361,541808,541808,"147",14461,0.0245080987648755,0.0245080987648755,0.0245080987648755,100,"147",100,100,"Holly",780571,"PA009","Bedford County, Pennsylvania","l5sp","Holly silt loam",17.5936207375283,TRUE,90,"entisols","typic fluvaquents","Fine-loamy, mixed, nonacid, mesic Typic Fluvaquents","poorly",2,250,250,8.76,23.0879995727539,52.3920004272461,24.52,2.09200000524521,10.3399999141693,6.36799991607666,9.95327102803738,20.9102801741841,52.1831777697412,26.9065420560748,1.13738318637153,29.6775697826225,"flood",28,0,"alluvium","sandstone and shale","backswamp & depression & flood plain","yes","no",25,"State Office PA - Region 6"
362361,538999,538999,"147",5412,0.00917210639067191,0.00917210639067191,0.00917210639067191,100,"147",100,100,"Holly",780571,"PA093","Montour County, Pennsylvania","l2w2","Holly silt loam",17.7280430673936,TRUE,90,"entisols","typic fluvaquents","Fine-loamy, mixed, nonacid, mesic Typic Fluvaquents","poorly",2,250,250,8.76,23.0879995727539,52.3920004272461,24.52,2.09200000524521,10.3399999141693,6.36799991607666,9.95327102803738,20.9102801741841,52.1831777697412,26.9065420560748,1.13738318637153,29.6775697826225,"flood",28,0,"alluvium","sandstone and shale","backswamp & depression & flood plain","yes","no",25,"State Office PA - Region 6"
362361,539638,539638,"147",16195,0.0274468335175409,0.0274468335175409,0.0274468335175409,100,"147",100,100,"Holly",780571,"PA097","Northumberland County, Pennsylvania","l3jp","Holly silt loam",17.8652902925261,TRUE,90,"entisols","typic fluvaquents","Fine-loamy, mixed, nonacid, mesic Typic Fluvaquents","poorly",2,250,250,8.76,23.0879995727539,52.3920004272461,24.52,2.09200000524521,10.3399999141693,6.36799991607666,9.95327102803738,20.9102801741841,52.1831777697412,26.9065420560748,1.13738318637153,29.6775697826225,"flood",28,0,"alluvium","sandstone and shale","backswamp & depression & flood plain","yes","no",25,"State Office PA - Region 6"
362361,539485,539485,"147",9175,0.0155495336538091,0.0155495336538091,0.0188497823255584,82.4918473075707,"147",82.4918473075707,100,"Holly",780571,"PA037","Columbia County, Pennsylvania","l3cr","Holly silt loam",17.1654687245462,TRUE,90,"entisols","typic fluvaquents","Fine-loamy, mixed, nonacid, mesic Typic Fluvaquents","poorly",2,250,250,8.76,23.0879995727539,52.3920004272461,24.52,2.09200000524521,10.3399999141693,6.36799991607666,9.95327102803738,20.9102801741841,52.1831777697412,26.9065420560748,1.13738318637153,29.6775697826225,"flood",28,0,"alluvium","sandstone and shale","backswamp & depression & flood plain","yes","no",25,"State Office PA - Region 6"
362389,540844,540844,"147",12430,0.021066016710283,0.021066016710283,0.021066016710283,100,"147",100,100,"Shelmadine",780669,"PA109","Snyder County, Pennsylvania","l4sl","Shelmadine silt loam, 0 to 3 percent slopes",17.6822799664204,TRUE,80,"ultisols","typic fragiaquults","Fine-loamy, mixed, mesic Typic Fragiaquults","poorly",2,250,250,14,23.14,54.08,22.78,0.912000007629394,6.71999984979629,4.59999990463257,17.7933333333333,26.0466666666667,49.9533333333333,24,0.421666671509544,17.3999998569489,"none",18,0,"till, unspecified",NA,"drainageway","yes","no",25,"State Office PA - Region 6"
362389,540944,540944,"147",8564,0.0145140279249287,0.0145140279249287,0.0145140279249287,100,"147",100,100,"Shelmadine",780669,"PA119","Union County, Pennsylvania","l4wt","Shelmadine silt loam, 0 to 3 percent slopes",17.4787194505021,TRUE,80,"ultisols","typic fragiaquults","Fine-loamy, mixed, mesic Typic Fragiaquults","poorly",2,250,250,14,23.14,54.08,22.78,0.912000007629394,6.71999984979629,4.59999990463257,17.7933333333333,26.0466666666667,49.9533333333333,24,0.421666671509544,17.3999998569489,"none",18,0,"till, unspecified",NA,"drainageway","yes","no",25,"State Office PA - Region 6"
362389,539552,539552,"147",4673,0.00791966983806538,0.00791966983806538,0.00834022979391851,94.9574536164484,"147",94.9574536164484,100,"Shelmadine",780669,"PA037","Columbia County, Pennsylvania","l3fx","Shelmadine silt loam, 0 to 3 percent slopes",17.1671714628523,TRUE,80,"ultisols","typic fragiaquults","Fine-loamy, mixed, mesic Typic Fragiaquults","poorly",2,250,250,14,23.14,54.08,22.78,0.912000007629394,6.71999984979629,4.59999990463257,17.7933333333333,26.0466666666667,49.9533333333333,24,0.421666671509544,17.3999998569489,"none",18,0,"till, unspecified",NA,"drainageway","yes","no",25,"State Office PA - Region 6"
362389,296481,296481,"147",1163,0.00197101990619945,0.00197101990619945,0.00214230250640145,92.0047425753277,"147",92.0047425753277,100,"Shelmadine",780669,"PA079","Luzerne County, Pennsylvania","9yhx","Shelmadine silt loam, 0 to 5 percent slopes",16.6882098957137,TRUE,80,"ultisols","typic fragiaquults","Fine-loamy, mixed, mesic Typic Fragiaquults","poorly",2,250,250,14,23.14,54.08,22.78,0.912000007629394,6.71999984979629,4.59999990463257,17.7933333333333,26.0466666666667,49.9533333333333,24,0.421666671509544,17.3999998569489,"none",18,0,"till, unspecified",NA,"drainageway","yes","no",25,"State Office PA - Region 6"
362389,539021,539021,"147",6940,0.011761718098903,0.011761718098903,0.011761718098903,100,"147",100,100,"Shelmadine",780669,"PA093","Montour County, Pennsylvania","l2ws","Shelmadine silt loam, 0 to 3 percent slopes",17.7281549580159,TRUE,80,"ultisols","typic fragiaquults","Fine-loamy, mixed, mesic Typic Fragiaquults","poorly",2,250,250,14,23.14,54.08,22.78,0.912000007629394,6.71999984979629,4.59999990463257,17.7933333333333,26.0466666666667,49.9533333333333,24,0.421666671509544,17.3999998569489,"none",18,0,"till, unspecified",NA,"drainageway","yes","no",25,"State Office PA - Region 6"
362389,539752,539752,"147",6800,0.0115244500104525,0.0115244500104525,0.0115244500104525,100,"147",100,100,"Shelmadine",780669,"PA107","Schuylkill County, Pennsylvania","l3nc","Shelmadine silt loam, 0 to 3 percent slopes",17.7077889602325,TRUE,80,"ultisols","typic fragiaquults","Fine-loamy, mixed, mesic Typic Fragiaquults","poorly",2,250,250,14,23.14,54.08,22.78,0.912000007629394,6.71999984979629,4.59999990463257,17.7933333333333,26.0466666666667,49.9533333333333,24,0.421666671509544,17.3999998569489,"none",18,0,"till, unspecified",NA,"drainageway","yes","no",25,"State Office PA - Region 6"
362389,296356,296356,"147",1267,0.00214727620047696,0.00214727620047696,0.00370411269159874,57.9700559690631,"147",57.9700559690631,100,"Shelmadine",780669,"PA089","Monroe County, Pennsylvania","9ycw","Shelmadine silt loam, 0 to 3 percent slopes",16.7305821984289,TRUE,80,"ultisols","typic fragiaquults","Fine-loamy, mixed, mesic Typic Fragiaquults","poorly",2,250,250,14,23.14,54.08,22.78,0.912000007629394,6.71999984979629,4.59999990463257,17.7933333333333,26.0466666666667,49.9533333333333,24,0.421666671509544,17.3999998569489,"none",18,0,"till, unspecified",NA,"drainageway","yes","no",25,"State Office PA - Region 6"
362389,539406,539406,"147",4410,0.00747394478619052,0.00747394478619052,0.0075182947451714,99.4101061412981,"147",99.4101061412981,100,"Shelmadine",780669,"PA025","Carbon County, Pennsylvania","l396","Shelmadine silt loam, 0 to 3 percent slopes",16.9154268925618,TRUE,80,"ultisols","typic fragiaquults","Fine-loamy, mixed, mesic Typic Fragiaquults","poorly",2,250,250,14,23.14,54.08,22.78,0.912000007629394,6.71999984979629,4.59999990463257,17.7933333333333,26.0466666666667,49.9533333333333,24,0.421666671509544,17.3999998569489,"none",18,0,"till, unspecified",NA,"drainageway","yes","no",25,"State Office PA - Region 6"
362389,539666,539666,"147",8586,0.0145513129102566,0.0145513129102566,0.0145513129102566,100,"147",100,100,"Shelmadine",780669,"PA097","Northumberland County, Pennsylvania","l3kl","Shelmadine silt loam, 0 to 3 percent slopes",17.7363427086863,TRUE,80,"ultisols","typic fragiaquults","Fine-loamy, mixed, mesic Typic Fragiaquults","poorly",2,250,250,14,23.14,54.08,22.78,0.912000007629394,6.71999984979629,4.59999990463257,17.7933333333333,26.0466666666667,49.9533333333333,24,0.421666671509544,17.3999998569489,"none",18,0,"till, unspecified",NA,"drainageway","yes","no",25,"State Office PA - Region 6"
362389,539115,539115,"147",10612,0.0179849211045474,0.0179849211045474,0.0180351640718195,99.721416633239,"147",99.721416633239,100,"Shelmadine",780669,"PA081","Lycoming County, Pennsylvania","l2zt","Shelmadine silt loam, 0 to 3 percent slopes",17.6407710937288,TRUE,80,"ultisols","typic fragiaquults","Fine-loamy, mixed, mesic Typic Fragiaquults","poorly",2,250,250,14,23.14,54.08,22.78,0.912000007629394,6.71999984979629,4.59999990463257,17.7933333333333,26.0466666666667,49.9533333333333,24,0.421666671509544,17.3999998569489,"none",18,0,"till, unspecified",NA,"drainageway","yes","no",25,"State Office PA - Region 6"
362390,539553,539553,"147",19022,0.0322379541321805,0.0322379541321805,0.0331815377422219,97.1562993331658,"147",97.1562993331658,100,"Shelmadine",780673,"PA037","Columbia County, Pennsylvania","l3fy","Shelmadine silt loam, 3 to 8 percent slopes, moderately eroded",17.0612443190399,TRUE,80,"ultisols","typic fragiaquults","Fine-loamy, mixed, mesic Typic Fragiaquults","poorly",6,250,250,14,23.14,54.08,22.78,0.912000007629394,6.71999984979629,4.59999990463257,17.7933333333333,26.0466666666667,49.9533333333333,24,0.421666671509544,17.3999998569489,"none",18,0,"till, unspecified",NA,"drainageway","yes","no",25,"State Office PA - Region 6"
362390,539667,539667,"147",4095,0.00694009158717691,0.00694009158717691,0.00694009158717691,100,"147",100,100,"Shelmadine",780673,"PA097","Northumberland County, Pennsylvania","l3km","Shelmadine silt loam, 3 to 8 percent slopes",17.6277537600898,TRUE,80,"ultisols","typic fragiaquults","Fine-loamy, mixed, mesic Typic Fragiaquults","poorly",6,250,250,14,23.14,54.08,22.78,0.912000007629394,6.71999984979629,4.59999990463257,17.7933333333333,26.0466666666667,49.9533333333333,24,0.421666671509544,17.3999998569489,"none",18,0,"till, unspecified",NA,"drainageway","yes","no",25,"State Office PA - Region 6"
362390,539753,539753,"147",3955,0.00670282349872642,0.00670282349872642,0.00670282349872642,100,"147",100,100,"Shelmadine",780673,"PA107","Schuylkill County, Pennsylvania","l3nd","Shelmadine silt loam, 3 to 8 percent slopes",17.8908759361875,TRUE,80,"ultisols","typic fragiaquults","Fine-loamy, mixed, mesic Typic Fragiaquults","poorly",6,250,250,14,23.14,54.08,22.78,0.912000007629394,6.71999984979629,4.59999990463257,17.7933333333333,26.0466666666667,49.9533333333333,24,0.421666671509544,17.3999998569489,"none",18,0,"till, unspecified",NA,"drainageway","yes","no",25,"State Office PA - Region 6"
362390,539022,539022,"147",1038,0.00175917339865437,0.00175917339865437,0.00175917339865437,100,"147",100,100,"Shelmadine",780673,"PA093","Montour County, Pennsylvania","l2wt","Shelmadine silt loam, 3 to 8 percent slopes",17.4594610247309,TRUE,80,"ultisols","typic fragiaquults","Fine-loamy, mixed, mesic Typic Fragiaquults","poorly",6,250,250,14,23.14,54.08,22.78,0.912000007629394,6.71999984979629,4.59999990463257,17.7933333333333,26.0466666666667,49.9533333333333,24,0.421666671509544,17.3999998569489,"none",18,0,"till, unspecified",NA,"drainageway","yes","no",25,"State Office PA - Region 6"
362390,296482,296482,"147",5530,0.00937208949379447,0.00937208949379447,0.00946537733854734,99.0144307890086,"147",99.0144307890086,100,"Shelmadine",780673,"PA079","Luzerne County, Pennsylvania","9yhy","Shelmadine very stony silt loam, 0 to 5 percent slopes",16.7390471379801,TRUE,80,"ultisols","typic fragiaquults","Fine-loamy, mixed, mesic Typic Fragiaquults","poorly",6,250,250,14,23.14,54.08,22.78,0.912000007629394,6.71999984979629,4.59999990463257,17.7933333333333,26.0466666666667,49.9533333333333,24,0.421666671509544,17.3999998569489,"none",18,0,"till, unspecified",NA,"drainageway","yes","no",25,"State Office PA - Region 6"
362390,540845,540845,"147",10322,0.0174934372070428,0.0174934372070428,0.0174934372070428,100,"147",100,100,"Shelmadine",780673,"PA109","Snyder County, Pennsylvania","l4sm","Shelmadine silt loam, 3 to 8 percent slopes",17.6978658976608,TRUE,80,"ultisols","typic fragiaquults","Fine-loamy, mixed, mesic Typic Fragiaquults","poorly",6,250,250,14,23.14,54.08,22.78,0.912000007629394,6.71999984979629,4.59999990463257,17.7933333333333,26.0466666666667,49.9533333333333,24,0.421666671509544,17.3999998569489,"none",18,0,"till, unspecified",NA,"drainageway","yes","no",25,"State Office PA - Region 6"
362390,540945,540945,"147",11943,0.0202406627168874,0.0202406627168874,0.0202406627168874,100,"147",100,100,"Shelmadine",780673,"PA119","Union County, Pennsylvania","l4wv","Shelmadine silt loam, 3 to 8 percent slopes",17.7460362542108,TRUE,80,"ultisols","typic fragiaquults","Fine-loamy, mixed, mesic Typic Fragiaquults","poorly",6,250,250,14,23.14,54.08,22.78,0.912000007629394,6.71999984979629,4.59999990463257,17.7933333333333,26.0466666666667,49.9533333333333,24,0.421666671509544,17.3999998569489,"none",18,0,"till, unspecified",NA,"drainageway","yes","no",25,"State Office PA - Region 6"
362390,539407,539407,"147",1286,0.00217947686962381,0.00217947686962381,0.00217947686962381,100,"147",100,100,"Shelmadine",780673,"PA025","Carbon County, Pennsylvania","l397","Shelmadine silt loam, 3 to 8 percent slopes, moderately eroded",17.4278086637079,TRUE,80,"ultisols","typic fragiaquults","Fine-loamy, mixed, mesic Typic Fragiaquults","poorly",6,250,250,14,23.14,54.08,22.78,0.912000007629394,6.71999984979629,4.59999990463257,17.7933333333333,26.0466666666667,49.9533333333333,24,0.421666671509544,17.3999998569489,"none",18,0,"till, unspecified",NA,"drainageway","yes","no",25,"State Office PA - Region 6"
362390,539116,539116,"147",3916,0.00663672738837236,0.00663672738837236,0.00683877205491465,97.045600220041,"147",97.045600220041,100,"Shelmadine",780673,"PA081","Lycoming County, Pennsylvania","l2zv","Shelmadine silt loam, 3 to 8 percent slopes",17.2175534785697,TRUE,80,"ultisols","typic fragiaquults","Fine-loamy, mixed, mesic Typic Fragiaquults","poorly",6,250,250,14,23.14,54.08,22.78,0.912000007629394,6.71999984979629,4.59999990463257,17.7933333333333,26.0466666666667,49.9533333333333,24,0.421666671509544,17.3999998569489,"none",18,0,"till, unspecified",NA,"drainageway","yes","no",25,"State Office PA - Region 6"
362391,539554,539554,"147",5049,0.00855690413276099,0.00855690413276099,0.00931238274436625,91.8873758484389,"147",91.8873758484389,100,"Shelmadine",780677,"PA037","Columbia County, Pennsylvania","l3fz","Shelmadine very stony silt loam",16.8411210686554,TRUE,80,"ultisols","typic fragiaquults","Fine-loamy, mixed, mesic Typic Fragiaquults","poorly",2,250,250,17.32,23.14,53.44,23.42,0.912000007629394,6.54000002145767,4.59999990463257,18.98,25.4533333333333,50.1066666666667,24.44,0.421666671509544,17.2200000286102,"none",18,0,"till, unspecified",NA,"depression","yes","no",25,"State Office PA - Region 6"
362391,539408,539408,"147",13168,0.0223167584908292,0.0223167584908292,0.0242849790842219,91.8953169094083,"147",91.8953169094083,100,"Shelmadine",780677,"PA025","Carbon County, Pennsylvania","l398","Shelmadine very stony silt loam, 0 to 8 percent slopes",16.4282575431146,TRUE,80,"ultisols","typic fragiaquults","Fine-loamy, mixed, mesic Typic Fragiaquults","poorly",2,250,250,17.32,23.14,53.44,23.42,0.912000007629394,6.54000002145767,4.59999990463257,18.98,25.4533333333333,50.1066666666667,24.44,0.421666671509544,17.2200000286102,"none",18,0,"till, unspecified",NA,"depression","yes","no",25,"State Office PA - Region 6"
362391,539117,539117,"147",3084,0.00522667703415228,0.00522667703415228,0.00522667703415228,100,"147",100,100,"Shelmadine",780677,"PA081","Lycoming County, Pennsylvania","l2zw","Shelmadine very stony silt loam, 0 to 8 percent slopes",17.2564913700836,TRUE,80,"ultisols","typic fragiaquults","Fine-loamy, mixed, mesic Typic Fragiaquults","poorly",2,250,250,17.32,23.14,53.44,23.42,0.912000007629394,6.54000002145767,4.59999990463257,18.98,25.4533333333333,50.1066666666667,24.44,0.421666671509544,17.2200000286102,"none",18,0,"till, unspecified",NA,"depression","yes","no",25,"State Office PA - Region 6"
362391,539668,539668,"147",4616,0.00782306783062482,0.00782306783062482,0.00782306783062482,100,"147",100,100,"Shelmadine",780677,"PA097","Northumberland County, Pennsylvania","l3kn","Shelmadine very stony silt loam, 0 to 8 percent slopes",16.9557654630373,TRUE,80,"ultisols","typic fragiaquults","Fine-loamy, mixed, mesic Typic Fragiaquults","poorly",2,250,250,17.32,23.14,53.44,23.42,0.912000007629394,6.54000002145767,4.59999990463257,18.98,25.4533333333333,50.1066666666667,24.44,0.421666671509544,17.2200000286102,"none",18,0,"till, unspecified",NA,"depression","yes","no",25,"State Office PA - Region 6"
362391,296357,296357,"140",1863,0.00284910253728868,0.00284910253728868,0.00550989467205492,51.7088384962921,"140",51.7088384962921,100,"Shelmadine",780677,"PA089","Monroe County, Pennsylvania","9ycx","Shelmadine very stony silt loam, 0 to 8 percent slopes",16.2501590263729,TRUE,80,"ultisols","typic fragiaquults","Fine-loamy, mixed, mesic Typic Fragiaquults","poorly",2,250,250,17.32,23.14,53.44,23.42,0.912000007629394,6.54000002145767,4.59999990463257,18.98,25.4533333333333,50.1066666666667,24.44,0.421666671509544,17.2200000286102,"none",18,0,"till, unspecified",NA,"depression","yes","no",25,"State Office PA - Region 6"
362391,539754,539754,"147",6165,0.0104482697521235,0.0104482697521235,0.0104482697521235,100,"147",100,100,"Shelmadine",780677,"PA107","Schuylkill County, Pennsylvania","l3nf","Shelmadine very stony silt loam, 0 to 8 percent slopes",16.8587528717586,TRUE,80,"ultisols","typic fragiaquults","Fine-loamy, mixed, mesic Typic Fragiaquults","poorly",2,250,250,17.32,23.14,53.44,23.42,0.912000007629394,6.54000002145767,4.59999990463257,18.98,25.4533333333333,50.1066666666667,24.44,0.421666671509544,17.2200000286102,"none",18,0,"till, unspecified",NA,"depression","yes","no",25,"State Office PA - Region 6"
362391,540846,540846,"147",6576,0.0111448210689317,0.0111448210689317,0.0111448210689317,100,"147",100,100,"Shelmadine",780677,"PA109","Snyder County, Pennsylvania","l4sn","Shelmadine very stony silt loam, 0 to 8 percent slopes",17.452377091359,TRUE,80,"ultisols","typic fragiaquults","Fine-loamy, mixed, mesic Typic Fragiaquults","poorly",2,250,250,17.32,23.14,53.44,23.42,0.912000007629394,6.54000002145767,4.59999990463257,18.98,25.4533333333333,50.1066666666667,24.44,0.421666671509544,17.2200000286102,"none",18,0,"till, unspecified",NA,"depression","yes","no",25,"State Office PA - Region 6"
362391,540946,540946,"147",8984,0.0152258321902802,0.0152258321902802,0.0152258321902802,100,"147",100,100,"Shelmadine",780677,"PA119","Union County, Pennsylvania","l4ww","Shelmadine very stony silt loam, 0 to 8 percent slopes",16.9239105839657,TRUE,80,"ultisols","typic fragiaquults","Fine-loamy, mixed, mesic Typic Fragiaquults","poorly",2,250,250,17.32,23.14,53.44,23.42,0.912000007629394,6.54000002145767,4.59999990463257,18.98,25.4533333333333,50.1066666666667,24.44,0.421666671509544,17.2200000286102,"none",18,0,"till, unspecified",NA,"depression","yes","no",25,"State Office PA - Region 6"
362400,539677,539677,"147",7871,0.0133395508870988,0.0133395508870988,0.0133395508870988,100,"147",100,100,"Watson",780713,"PA097","Northumberland County, Pennsylvania","l3ky","Watson silt loam, 0 to 3 percent slopes",17.729514079481,TRUE,80,"ultisols","typic fragiudults","Fine-loamy, mixed, mesic Typic Fragiudults","moderately well",2,250,250,19.94,22.0020003509521,53.9079996490479,24.09,1.0820000064373,7.45999993383884,5,25.3933333333333,25.9740001169841,49.2493332163493,24.7766666666667,0.470000004669031,18.1800000667572,"none",23,0,"till, unspecified","sedimentary, unspecified","valley side","no","no",100,"State Office PA - Region 6"
362400,539132,539132,"147",4452,0.00754512521272567,0.00754512521272567,0.00754512521272567,100,"147",100,100,"Watson",780713,"PA081","Lycoming County, Pennsylvania","l30c","Watson silt loam, 0 to 3 percent slopes",17.5671662303208,TRUE,80,"ultisols","typic fragiudults","Fine-loamy, mixed, mesic Typic Fragiudults","moderately well",2,250,250,19.94,22.0020003509521,53.9079996490479,24.09,1.0820000064373,7.45999993383884,5,25.3933333333333,25.9740001169841,49.2493332163493,24.7766666666667,0.470000004669031,18.1800000667572,"none",23,0,"till, unspecified","sedimentary, unspecified","valley side","no","no",100,"State Office PA - Region 6"
362400,539029,539029,"147",9393,0.0159189939629677,0.0159189939629677,0.0159189939629677,100,"147",100,100,"Watson",780713,"PA093","Montour County, Pennsylvania","l2x1","Watson silt loam, 0 to 3 percent slopes",17.6741594921523,TRUE,80,"ultisols","typic fragiudults","Fine-loamy, mixed, mesic Typic Fragiudults","moderately well",2,250,250,19.94,22.0020003509521,53.9079996490479,24.09,1.0820000064373,7.45999993383884,5,25.3933333333333,25.9740001169841,49.2493332163493,24.7766666666667,0.470000004669031,18.1800000667572,"none",23,0,"till, unspecified","sedimentary, unspecified","valley side","no","no",100,"State Office PA - Region 6"
362400,540952,540952,"147",5023,0.00851284005919161,0.00851284005919161,0.00851284005919161,100,"147",100,100,"Watson",780713,"PA119","Union County, Pennsylvania","l4x2","Watson silt loam, 0 to 3 percent slopes",17.7599934363968,TRUE,80,"ultisols","typic fragiudults","Fine-loamy, mixed, mesic Typic Fragiudults","moderately well",2,250,250,19.94,22.0020003509521,53.9079996490479,24.09,1.0820000064373,7.45999993383884,5,25.3933333333333,25.9740001169841,49.2493332163493,24.7766666666667,0.470000004669031,18.1800000667572,"none",23,0,"till, unspecified","sedimentary, unspecified","valley side","no","no",100,"State Office PA - Region 6"
362400,539564,539564,"147",1664,0.00282010070844014,0.00282010070844014,0.00322230895712878,87.5180110275019,"147",87.5180110275019,100,"Watson",780713,"PA037","Columbia County, Pennsylvania","l3g9","Watson silt loam, 0 to 3 percent slopes",17.1527165361928,TRUE,80,"ultisols","typic fragiudults","Fine-loamy, mixed, mesic Typic Fragiudults","moderately well",2,250,250,19.94,22.0020003509521,53.9079996490479,24.09,1.0820000064373,7.45999993383884,5,25.3933333333333,25.9740001169841,49.2493332163493,24.7766666666667,0.470000004669031,18.1800000667572,"none",23,0,"till, unspecified","sedimentary, unspecified","valley side","no","no",100,"State Office PA - Region 6"
362400,539427,539427,"147",3828,0.00648758744706062,0.00648758744706062,0.00670627862410425,96.7390084829224,"147",96.7390084829224,100,"Watson",780713,"PA025","Carbon County, Pennsylvania","l39w","Watson silt loam, 0 to 3 percent slopes",16.5559731399163,TRUE,80,"ultisols","typic fragiudults","Fine-loamy, mixed, mesic Typic Fragiudults","moderately well",2,250,250,19.94,22.0020003509521,53.9079996490479,24.09,1.0820000064373,7.45999993383884,5,25.3933333333333,25.9740001169841,49.2493332163493,24.7766666666667,0.470000004669031,18.1800000667572,"none",23,0,"till, unspecified","sedimentary, unspecified","valley side","no","no",100,"State Office PA - Region 6"
362400,544127,544127,"147",3203,0.0054283549093352,0.0054283549093352,0.00545565824265173,99.4995409884169,"147",99.4995409884169,100,"Watson",780713,"PA035","Clinton County, Pennsylvania","l86h","Watson silt loam, 0 to 5 percent slopes",17.6532124720278,TRUE,80,"ultisols","typic fragiudults","Fine-loamy, mixed, mesic Typic Fragiudults","moderately well",2,250,250,19.94,22.0020003509521,53.9079996490479,24.09,1.0820000064373,7.45999993383884,5,25.3933333333333,25.9740001169841,49.2493332163493,24.7766666666667,0.470000004669031,18.1800000667572,"none",23,0,"till, unspecified","sedimentary, unspecified","valley side","no","no",100,"State Office PA - Region 6"
362400,540854,540854,"147",3183,0.00539445946812799,0.00539445946812799,0.00539445946812799,100,"147",100,100,"Watson",780713,"PA109","Snyder County, Pennsylvania","l4sx","Watson silt loam, 0 to 3 percent slopes",17.7839204564695,TRUE,80,"ultisols","typic fragiudults","Fine-loamy, mixed, mesic Typic Fragiudults","moderately well",2,250,250,19.94,22.0020003509521,53.9079996490479,24.09,1.0820000064373,7.45999993383884,5,25.3933333333333,25.9740001169841,49.2493332163493,24.7766666666667,0.470000004669031,18.1800000667572,"none",23,0,"till, unspecified","sedimentary, unspecified","valley side","no","no",100,"State Office PA - Region 6"
362401,539133,539133,"147",30988,0.0525175966064562,0.0525175966064562,0.052925326383983,99.2296131070243,"147",99.2296131070243,100,"Watson",780717,"PA081","Lycoming County, Pennsylvania","l30d","Watson silt loam, 3 to 8 percent slopes",17.2454316671057,TRUE,80,"ultisols","typic fragiudults","Fine-loamy, mixed, mesic Typic Fragiudults","moderately well",6,250,250,19.94,22.0020003509521,53.9079996490479,24.09,1.0820000064373,7.45999993383884,5,25.3933333333333,25.9740001169841,49.2493332163493,24.7766666666667,0.470000004669031,18.1800000667572,"none",23,0,"till, unspecified","sedimentary, unspecified","valley side","no","no",100,"State Office PA - Region 6"
362401,539760,539760,"147",27914,0.0473078672929075,0.0473078672929075,0.0473078672929075,100,"147",100,100,"Watson",780717,"PA107","Schuylkill County, Pennsylvania","l3nm","Watson silt loam, 3 to 8 percent slopes",17.6375222597302,TRUE,80,"ultisols","typic fragiudults","Fine-loamy, mixed, mesic Typic Fragiudults","moderately well",6,250,250,19.94,22.0020003509521,53.9079996490479,24.09,1.0820000064373,7.45999993383884,5,25.3933333333333,25.9740001169841,49.2493332163493,24.7766666666667,0.470000004669031,18.1800000667572,"none",23,0,"till, unspecified","sedimentary, unspecified","valley side","no","no",100,"State Office PA - Region 6"
362401,539565,539565,"147",22931,0.0388628181161304,0.0388628181161304,0.0401000290408038,96.9146882077954,"147",96.9146882077954,100,"Watson",780717,"PA037","Columbia County, Pennsylvania","l3gb","Watson silt loam, 3 to 8 percent slopes, moderately eroded",17.0673304668674,TRUE,80,"ultisols","typic fragiudults","Fine-loamy, mixed, mesic Typic Fragiudults","moderately well",6,250,250,19.94,22.0020003509521,53.9079996490479,24.09,1.0820000064373,7.45999993383884,5,25.3933333333333,25.9740001169841,49.2493332163493,24.7766666666667,0.470000004669031,18.1800000667572,"none",23,0,"till, unspecified","sedimentary, unspecified","valley side","no","no",100,"State Office PA - Region 6"
362401,296368,296368,"147",5318,0.00901279781699801,0.00901279781699801,0.00954499732476852,94.4243095135344,"147",94.4243095135344,100,"Watson",780717,"PA089","Monroe County, Pennsylvania","9yd8","Watson silt loam, 2 to 8 percent slopes",17.3355944391447,TRUE,80,"ultisols","typic fragiudults","Fine-loamy, mixed, mesic Typic Fragiudults","moderately well",6,250,250,19.94,22.0020003509521,53.9079996490479,24.09,1.0820000064373,7.45999993383884,5,25.3933333333333,25.9740001169841,49.2493332163493,24.7766666666667,0.470000004669031,18.1800000667572,"none",23,0,"till, unspecified","sedimentary, unspecified","valley side","no","no",100,"State Office PA - Region 6"
362401,540855,540855,"147",15651,0.0265248775167047,0.0265248775167047,0.0265248775167047,100,"147",100,100,"Watson",780717,"PA109","Snyder County, Pennsylvania","l4sy","Watson silt loam, 3 to 8 percent slopes",17.7399414908992,TRUE,80,"ultisols","typic fragiudults","Fine-loamy, mixed, mesic Typic Fragiudults","moderately well",6,250,250,19.94,22.0020003509521,53.9079996490479,24.09,1.0820000064373,7.45999993383884,5,25.3933333333333,25.9740001169841,49.2493332163493,24.7766666666667,0.470000004669031,18.1800000667572,"none",23,0,"till, unspecified","sedimentary, unspecified","valley side","no","no",100,"State Office PA - Region 6"
362401,539678,539678,"147",30316,0.0513787097818938,0.0513787097818938,0.0513787097818938,100,"147",100,100,"Watson",780717,"PA097","Northumberland County, Pennsylvania","l3kz","Watson silt loam, 3 to 8 percent slopes",17.6227396117428,TRUE,80,"ultisols","typic fragiudults","Fine-loamy, mixed, mesic Typic Fragiudults","moderately well",6,250,250,19.94,22.0020003509521,53.9079996490479,24.09,1.0820000064373,7.45999993383884,5,25.3933333333333,25.9740001169841,49.2493332163493,24.7766666666667,0.470000004669031,18.1800000667572,"none",23,0,"till, unspecified","sedimentary, unspecified","valley side","no","no",100,"State Office PA - Region 6"
362401,539428,539428,"147",6316,0.0107041803332379,0.0107041803332379,0.0113189625232487,94.5685641352021,"147",94.5685641352021,100,"Watson",780717,"PA025","Carbon County, Pennsylvania","l39x","Watson silt loam, 3 to 8 percent slopes, moderately eroded",16.6902238162155,TRUE,80,"ultisols","typic fragiudults","Fine-loamy, mixed, mesic Typic Fragiudults","moderately well",6,250,250,19.94,22.0020003509521,53.9079996490479,24.09,1.0820000064373,7.45999993383884,5,25.3933333333333,25.9740001169841,49.2493332163493,24.7766666666667,0.470000004669031,18.1800000667572,"none",23,0,"till, unspecified","sedimentary, unspecified","valley side","no","no",100,"State Office PA - Region 6"
362401,539030,539030,"147",19540,0.0331158460594473,0.0331158460594473,0.0331158460594473,100,"147",100,100,"Watson",780717,"PA093","Montour County, Pennsylvania","l2x2","Watson silt loam, 3 to 8 percent slopes",17.5077801844969,TRUE,80,"ultisols","typic fragiudults","Fine-loamy, mixed, mesic Typic Fragiudults","moderately well",6,250,250,19.94,22.0020003509521,53.9079996490479,24.09,1.0820000064373,7.45999993383884,5,25.3933333333333,25.9740001169841,49.2493332163493,24.7766666666667,0.470000004669031,18.1800000667572,"none",23,0,"till, unspecified","sedimentary, unspecified","valley side","no","no",100,"State Office PA - Region 6"
362401,540953,540953,"147",11057,0.0187390946714078,0.0187390946714078,0.0187390946714078,100,"147",100,100,"Watson",780717,"PA119","Union County, Pennsylvania","l4x3","Watson silt loam, 3 to 8 percent slopes",17.6547867370534,TRUE,80,"ultisols","typic fragiudults","Fine-loamy, mixed, mesic Typic Fragiudults","moderately well",6,250,250,19.94,22.0020003509521,53.9079996490479,24.09,1.0820000064373,7.45999993383884,5,25.3933333333333,25.9740001169841,49.2493332163493,24.7766666666667,0.470000004669031,18.1800000667572,"none",23,0,"till, unspecified","sedimentary, unspecified","valley side","no","no",100,"State Office PA - Region 6"
362402,539566,539566,"147",4723,0.00800440844108341,0.00800440844108341,0.00834085640576592,95.9662659526194,"147",95.9662659526194,100,"Watson",780721,"PA037","Columbia County, Pennsylvania","l3gc","Watson silt loam, 8 to 15 percent slopes, moderately eroded",16.9372268995485,TRUE,80,"ultisols","typic fragiudults","Fine-loamy, mixed, mesic Typic Fragiudults","moderately well",12,250,250,19.94,22.0020003509521,53.9079996490479,24.09,1.0820000064373,7.45999993383884,5,25.3933333333333,25.9740001169841,49.2493332163493,24.7766666666667,0.470000004669031,18.1800000667572,"none",23,0,"till, unspecified","sedimentary, unspecified","valley side","no","no",100,"State Office PA - Region 6"
362402,539679,539679,"147",7586,0.012856540849896,0.012856540849896,0.012856540849896,100,"147",100,100,"Watson",780721,"PA097","Northumberland County, Pennsylvania","l3l0","Watson silt loam, 8 to 15 percent slopes",17.5652672332414,TRUE,80,"ultisols","typic fragiudults","Fine-loamy, mixed, mesic Typic Fragiudults","moderately well",12,250,250,19.94,22.0020003509521,53.9079996490479,24.09,1.0820000064373,7.45999993383884,5,25.3933333333333,25.9740001169841,49.2493332163493,24.7766666666667,0.470000004669031,18.1800000667572,"none",23,0,"till, unspecified","sedimentary, unspecified","valley side","no","no",100,"State Office PA - Region 6"
362402,539031,539031,"147",4574,0.00775188740408967,0.00775188740408967,0.00775188740408967,100,"147",100,100,"Watson",780721,"PA093","Montour County, Pennsylvania","l2x3","Watson silt loam, 8 to 15 percent slopes",17.3494384296085,TRUE,80,"ultisols","typic fragiudults","Fine-loamy, mixed, mesic Typic Fragiudults","moderately well",12,250,250,19.94,22.0020003509521,53.9079996490479,24.09,1.0820000064373,7.45999993383884,5,25.3933333333333,25.9740001169841,49.2493332163493,24.7766666666667,0.470000004669031,18.1800000667572,"none",23,0,"till, unspecified","sedimentary, unspecified","valley side","no","no",100,"State Office PA - Region 6"
362402,540954,540954,"147",662,0.00112193910395876,0.00112193910395876,0.00112193910395876,100,"147",100,100,"Watson",780721,"PA119","Union County, Pennsylvania","l4x4","Watson silt loam, 8 to 15 percent slopes",17.5736073151096,TRUE,80,"ultisols","typic fragiudults","Fine-loamy, mixed, mesic Typic Fragiudults","moderately well",12,250,250,19.94,22.0020003509521,53.9079996490479,24.09,1.0820000064373,7.45999993383884,5,25.3933333333333,25.9740001169841,49.2493332163493,24.7766666666667,0.470000004669031,18.1800000667572,"none",23,0,"till, unspecified","sedimentary, unspecified","valley side","no","no",100,"State Office PA - Region 6"
362402,539761,539761,"147",6013,0.0101906643989487,0.0101906643989487,0.0101906643989487,100,"147",100,100,"Watson",780721,"PA107","Schuylkill County, Pennsylvania","l3nn","Watson silt loam, 8 to 15 percent slopes",17.5185278916783,TRUE,80,"ultisols","typic fragiudults","Fine-loamy, mixed, mesic Typic Fragiudults","moderately well",12,250,250,19.94,22.0020003509521,53.9079996490479,24.09,1.0820000064373,7.45999993383884,5,25.3933333333333,25.9740001169841,49.2493332163493,24.7766666666667,0.470000004669031,18.1800000667572,"none",23,0,"till, unspecified","sedimentary, unspecified","valley side","no","no",100,"State Office PA - Region 6"
362402,540856,540856,"147",4692,0.00795187050721223,0.00795187050721223,0.00795187050721223,100,"147",100,100,"Watson",780721,"PA109","Snyder County, Pennsylvania","l4sz","Watson silt loam, 8 to 15 percent slopes",17.7177132117067,TRUE,80,"ultisols","typic fragiudults","Fine-loamy, mixed, mesic Typic Fragiudults","moderately well",12,250,250,19.94,22.0020003509521,53.9079996490479,24.09,1.0820000064373,7.45999993383884,5,25.3933333333333,25.9740001169841,49.2493332163493,24.7766666666667,0.470000004669031,18.1800000667572,"none",23,0,"till, unspecified","sedimentary, unspecified","valley side","no","no",100,"State Office PA - Region 6"
362402,539429,539429,"147",83,0.000140666081009935,0.000140666081009935,0.000140666081009935,100,"147",100,100,"Watson",780721,"PA025","Carbon County, Pennsylvania","l39y","Watson silt loam, 8 to 15 percent slopes, moderately eroded",17.3895300899643,TRUE,80,"ultisols","typic fragiudults","Fine-loamy, mixed, mesic Typic Fragiudults","moderately well",12,250,250,19.94,22.0020003509521,53.9079996490479,24.09,1.0820000064373,7.45999993383884,5,25.3933333333333,25.9740001169841,49.2493332163493,24.7766666666667,0.470000004669031,18.1800000667572,"none",23,0,"till, unspecified","sedimentary, unspecified","valley side","no","no",100,"State Office PA - Region 6"
362402,539134,539134,"147",19315,0.0327345223458662,0.0327345223458662,0.0334334876787693,97.9093855250198,"147",97.9093855250198,100,"Watson",780721,"PA081","Lycoming County, Pennsylvania","l30f","Watson silt loam, 8 to 15 percent slopes",16.8377754899946,TRUE,80,"ultisols","typic fragiudults","Fine-loamy, mixed, mesic Typic Fragiudults","moderately well",12,250,250,19.94,22.0020003509521,53.9079996490479,24.09,1.0820000064373,7.45999993383884,5,25.3933333333333,25.9740001169841,49.2493332163493,24.7766666666667,0.470000004669031,18.1800000667572,"none",23,0,"till, unspecified","sedimentary, unspecified","valley side","no","no",100,"State Office PA - Region 6"
366082,1948979,1948979,"140",4504,0.00688800742240914,0.00688800742240914,0.00710154870201458,96.9930322445741,"140",96.9930322445741,100,"Swartswood",790085,"PA095","Northampton County, Pennsylvania","23f29","Urban land-Swartswood complex, 0 to 8 percent slopes",17.9764914786584,TRUE,30,"inceptisols","typic fragiudepts","Coarse-loamy, mixed, active, mesic Typic Fragiudepts","well",4,250,250,32.74,44.4660003662109,40.7180013275146,14.8159997177124,0.965,5.00000007450581,4.80799995422363,35.9,55.2459996541341,30.3860014597575,14.3679998143514,0.488333333333333,13.7200000137091,"none",13,0,"till, unspecified","quartzite","hill","no","no",250,"State Office PA - Region 6"
366083,1948980,1948980,"140",1773,0.00271146473355493,0.00271146473355493,0.00273349677033962,99.1939980678319,"140",99.1939980678319,100,"Swartswood",790087,"PA095","Northampton County, Pennsylvania","23f2b","Urban land-Swartswood complex, 8 to 25 percent slopes",17.9977323739286,TRUE,30,"inceptisols","typic fragiudepts","Coarse-loamy, mixed, active, mesic Typic Fragiudepts","well",17,250,250,32.74,44.4660003662109,40.7180013275146,14.8159997177124,0.965,5.00000007450581,4.80799995422363,35.9,55.2459996541341,30.3860014597575,14.3679998143514,0.488333333333333,13.7200000137091,"none",13,0,"till, unspecified","quartzite","hill","no","no",250,"State Office PA - Region 6"
463276,1384984,1384984,"144A",151,0.000272284552143303,0.000272284552143303,0.000272284552143303,100,"144A",100,100,"Ackerman",1291950,"NY071","Orange County, New York","1hh5x","Ackerman muck",17.7145839716425,TRUE,80,"inceptisols","histic humaquepts","Sandy, mixed, mesic Histic Humaquepts","very poorly",0.5,127,250,0,37.5,45,17.5,38.5,15.2499999850988,5.5,0,57.256000029246,27.7573334503174,14.9866666666667,13.2766666666667,25.1699998229742,"none",25,0,"organic, herbaceous material & coprogenic material & outwash",NA,"depression & outwash plain","yes","no",0,"12-BEL Belmont, New York"
531914,1948970,1948970,"140",1013,0.00154918994646991,0.00154918994646991,0.00154918994646991,100,"140",100,100,"Conotton",1731606,"PA095","Northampton County, Pennsylvania","23f20","Urban land-Conotton complex, 0 to 8 percent slopes",17.9938623309724,TRUE,25,"alfisols","typic hapludalfs","Loamy-skeletal, mixed, active, mesic Typic Hapludalfs","well",4,114,250,29.58,55.6100009918213,31.3100007629395,13.08,1.21,6.06999999284744,5.71600005149841,39.06,57.6913333384196,30.6553339131673,11.6533333333333,0.795333336194356,12.62999984622,"none",0,0,"outwash",NA,"stream terrace","no","no",250,"State Office PA - Region 6"
531915,1948989,1948989,"140",2213,0.00338436066291994,0.00338436066291994,0.00542514834986224,62.3828224532492,"140",62.3828224532492,100,"Delaware",1731609,"PA095","Northampton County, Pennsylvania","23f2m","Urban land-Delaware complex, 0 to 8 percent slopes",18.3193040534184,TRUE,25,"inceptisols","typic dystrudepts","Coarse-loamy, mixed, active, mesic Typic Dystrudepts","well",4,250,250,2.5,54.3999996185303,39.3500003814697,6.25,1.625,8.0000001937151,6.19999980926514,3.79333333333333,64.8026668039958,30.1139998626709,5.08333333333333,0.708333333333333,18.6400002390146,"flood",25,0,"alluvium & alluvium & outwash","sandstone and shale & sedimentary, unspecified","terrace","no","no",250,"State Office PA - Region 6"
869126,299795,2753682,"140",1606,0.0024560701421823,0.0024560701421823,0.0024560701421823,100,"140",100,100,"Towerville",2749736,"NY003","Allegany County Area, New York","2zffg","Lordstown and Towerville soils, 15 to 25 percent slopes, extremely stony",15.1464731737804,TRUE,45,"inceptisols","aquic dystrudepts","Fine-loamy, mixed, semiactive, mesic Aquic Dystrudepts","moderately well",20,250,81,8.72,24.02,53.98,22,2.64,9.18000018596649,5.30000019073486,11.8518518518519,22.4777776694592,52.6827156161085,24.8395061728395,1.84567901234568,12.6900003254414,"none",18,0,"till, unspecified","interbedded sedimentary","ridge & hill","no","no",100,"12-BEL MLRA MU/DMU"
869127,299796,2753683,"140",1197,0.00183058278965891,0.00183058278965891,0.00183058278965891,100,"140",100,100,"Towerville",2749742,"NY003","Allegany County Area, New York","2zffh","Lordstown and Towerville soils, 25 to 35 percent slopes, extremely stony",15.0949684253014,TRUE,40,"inceptisols","aquic dystrudepts","Fine-loamy, mixed, semiactive, mesic Aquic Dystrudepts","moderately well",30,250,81,8.72,24.02,53.98,22,2.64,9.18000018596649,5.30000019073486,11.8518518518519,22.4777776694592,52.6827156161085,24.8395061728395,1.84567901234568,12.6900003254414,"none",18,0,"till, unspecified","interbedded sedimentary","ridge & hill","no","no",100,"12-BEL MLRA MU/DMU"
869128,299797,2753684,"140",12029,0.0183960571234812,0.0183960571234812,0.0183960571234812,100,"140",100,100,"Towerville",2749747,"NY003","Allegany County Area, New York","2zffj","Lordstown and Towerville soils, 35 to 60 percent slopes, extremely stony",15.0795189288006,TRUE,45,"inceptisols","aquic dystrudepts","Fine-loamy, mixed, semiactive, mesic Aquic Dystrudepts","moderately well",45,250,81,8.72,24.02,53.98,22,2.64,9.18000018596649,5.30000019073486,11.8518518518519,22.4777776694592,52.6827156161085,24.8395061728395,1.84567901234568,12.6900003254414,"none",18,0,"till, unspecified","interbedded sedimentary","ridge & hill","no","no",100,"12-BEL MLRA MU/DMU"
