"coiid","SiteID"
245077,"F139XY004OH"
245232,"F099XY007MI"
245233,"F099XY007MI"
245241,"F099XY013MI"
245243,"F099XY008MI"
245244,"F099XY008MI"
245253,"F099XY007MI"
245259,"F099XY013MI"
245262,"F099XY013MI"
245265,"F099XY013MI"
245266,"F099XY013MI"
245275,"F099XY007MI"
245276,"F099XY007MI"
245277,"F099XY007MI"
245278,"F099XY007MI"
245279,"F099XY007MI"
245280,"F099XY007MI"
245285,"F099XY007MI"
245286,"F099XY007MI"
245291,"F099XY009MI"
245292,"F099XY009MI"
245293,"F099XY009MI"
245308,"F099XY013MI"
245309,"F099XY007MI"
245310,"F099XY007MI"
245311,"F099XY007MI"
245312,"F099XY007MI"
245317,"F099XY007MI"
245318,"F099XY007MI"
245319,"F099XY007MI"
245320,"F099XY007MI"
245337,"F099XY007MI"
245338,"F099XY007MI"
245343,"F099XY007MI"
245344,"F099XY007MI"
245345,"F099XY007MI"
245352,"F099XY007MI"
245364,"F099XY007MI"
245365,"F099XY007MI"
245368,"F099XY007MI"
245371,"F099XY007MI"
245378,"F099XY007MI"
245385,"F099XY007MI"
245386,"F099XY007MI"
245387,"F099XY013MI"
245388,"F099XY013MI"
245389,"F099XY007MI"
245390,"F099XY007MI"
245391,"F099XY002MI"
245393,"F099XY002MI"
245392,"F099XY002MI"
291593,"F099XY002MI"
291594,"F099XY002MI"
245398,"F099XY008MI"
245399,"F099XY008MI"
245400,"F099XY008MI"
245403,"F099XY008MI"
245405,"F099XY007MI"
245406,"F099XY007MI"
245407,"F099XY007MI"
245408,"F099XY007MI"
245410,"F099XY007MI"
245409,"F099XY007MI"
245411,"F099XY007MI"
245412,"F099XY007MI"
245413,"F099XY007MI"
245414,"F099XY007MI"
245415,"F099XY007MI"
245416,"F099XY007MI"
245420,"F099XY013MI"
245421,"F099XY007MI"
245422,"F099XY007MI"
245423,"F099XY007MI"
245425,"F099XY013MI"
245426,"F099XY013MI"
245427,"F099XY013MI"
245428,"F099XY013MI"
245429,"F099XY013MI"
245430,"F099XY002MI"
245431,"F099XY002MI"
245433,"F099XY007MI"
245434,"F099XY007MI"
245435,"F099XY007MI"
245436,"F099XY007MI"
245437,"F099XY007MI"
245438,"F099XY007MI"
245439,"F099XY007MI"
245440,"F099XY007MI"
245442,"F099XY004MI"
245441,"F099XY007MI"
245444,"F099XY004MI"
245443,"F099XY007MI"
245446,"F099XY007MI"
245447,"F099XY007MI"
245448,"F099XY007MI"
245450,"F099XY003MI"
245449,"F099XY003MI"
245451,"F099XY003MI"
245452,"F099XY003MI"
245453,"F099XY002MI"
245454,"F099XY002MI"
245455,"F099XY002MI"
245458,"F099XY007MI"
245459,"F099XY007MI"
245460,"F099XY007MI"
245461,"F099XY007MI"
245462,"F099XY007MI"
245463,"F099XY007MI"
245464,"F099XY003MI"
245465,"F099XY007MI"
245466,"F099XY003MI"
245467,"F099XY007MI"
245468,"F099XY008MI"
245469,"F099XY008MI"
245470,"F099XY008MI"
245472,"F099XY009MI"
245471,"F099XY008MI"
245473,"F099XY009MI"
245475,"F099XY004MI"
245476,"F099XY004MI"
245477,"F099XY004MI"
245478,"F099XY004MI"
245479,"F099XY004MI"
245480,"F099XY003MI"
245481,"F099XY003MI"
245483,"F099XY013MI"
245486,"F099XY011MI"
245487,"F099XY013MI"
245489,"F099XY011MI"
246086,"F099XY007MI"
246089,"F099XY007MI"
246091,"F099XY007MI"
246092,"F099XY007MI"
246094,"F099XY013MI"
246095,"F099XY008MI"
246096,"F099XY007MI"
246097,"F099XY007MI"
246098,"F099XY007MI"
246099,"F099XY007MI"
246100,"F099XY007MI"
246101,"F099XY008MI"
246102,"F099XY013MI"
246106,"F099XY007MI"
246109,"F099XY007MI"
246113,"F099XY013MI"
246114,"F099XY013MI"
246116,"F099XY007MI"
246117,"F099XY007MI"
246118,"F099XY007MI"
246119,"F099XY003MI"
246123,"F099XY007MI"
246124,"F099XY003MI"
246125,"F099XY007MI"
246126,"F099XY007MI"
246127,"F099XY008MI"
246128,"F099XY007MI"
246129,"F099XY007MI"
246130,"F099XY007MI"
246131,"F099XY007MI"
246132,"F099XY007MI"
246133,"F099XY003MI"
246134,"F099XY008MI"
246135,"F099XY009MI"
246136,"F099XY003MI"
246137,"F099XY013MI"
246138,"F099XY007MI"
246142,"F099XY009MI"
246144,"F099XY013MI"
246240,"F099XY003MI"
246244,"F099XY003MI"
246243,"F099XY007MI"
246245,"F099XY004MI"
246246,"F099XY007MI"
246247,"F099XY009MI"
246248,"F099XY013MI"
246249,"F099XY007MI"
246250,"F099XY007MI"
246251,"F099XY007MI"
246252,"F099XY008MI"
246253,"F099XY007MI"
246254,"F099XY007MI"
246255,"F099XY003MI"
246256,"F099XY013MI"
246259,"F099XY007MI"
246260,"F099XY007MI"
246261,"F099XY011MI"
246262,"F099XY007MI"
246264,"F099XY007MI"
246265,"F099XY013MI"
246268,"F099XY013MI"
246269,"F099XY013MI"
246270,"F099XY007MI"
246271,"F099XY007MI"
246272,"F099XY004MI"
246273,"F099XY004MI"
246274,"F099XY004MI"
246275,"F099XY003MI"
246277,"F099XY007MI"
246276,"F099XY003MI"
246278,"F099XY007MI"
246279,"F099XY013MI"
246281,"F099XY007MI"
246282,"F099XY003MI"
246283,"F099XY003MI"
246284,"F099XY003MI"
246285,"F099XY007MI"
246286,"F099XY007MI"
246287,"F099XY007MI"
246288,"F099XY007MI"
246289,"F099XY008MI"
246290,"F099XY009MI"
246291,"F099XY004MI"
246292,"F099XY004MI"
246294,"F099XY003MI"
246295,"F099XY007MI"
246298,"F099XY013MI"
246444,"F099XY004MI"
246445,"F099XY004MI"
246447,"F099XY009MI"
246448,"F099XY013MI"
246449,"F099XY013MI"
246451,"F099XY007MI"
246452,"F099XY007MI"
246453,"F099XY007MI"
246454,"F099XY007MI"
246455,"F099XY007MI"
246456,"F099XY007MI"
246457,"F099XY007MI"
246458,"F099XY007MI"
246459,"F099XY007MI"
246460,"F099XY003MI"
246461,"F099XY003MI"
246462,"F099XY008MI"
246463,"F099XY011MI"
246464,"F099XY011MI"
246466,"F099XY007MI"
246467,"F099XY007MI"
246468,"F099XY007MI"
246469,"F099XY007MI"
246470,"F099XY007MI"
246471,"F099XY007MI"
246472,"F099XY007MI"
246473,"F099XY007MI"
1113959,"F099XY007MI"
246478,"F099XY007MI"
246479,"F099XY007MI"
246481,"F099XY013MI"
246483,"F099XY007MI"
246484,"F099XY007MI"
246485,"F099XY007MI"
246486,"F099XY007MI"
246487,"F099XY008MI"
246488,"F099XY013MI"
246489,"F099XY013MI"
246490,"F099XY013MI"
246491,"F099XY013MI"
246492,"F099XY013MI"
246493,"F099XY007MI"
246494,"F099XY007MI"
246495,"F099XY007MI"
246496,"F099XY007MI"
246497,"F099XY007MI"
246498,"F099XY004MI"
246499,"F099XY007MI"
246500,"F099XY003MI"
246502,"F099XY007MI"
246503,"F099XY007MI"
1136700,"F099XY007MI"
246505,"F099XY003MI"
246506,"F099XY003MI"
246507,"F099XY007MI"
246508,"F099XY008MI"
246509,"F099XY007MI"
246510,"F099XY007MI"
246511,"F099XY007MI"
246512,"F099XY007MI"
246513,"F099XY007MI"
246514,"F099XY007MI"
246515,"F099XY003MI"
246516,"F099XY003MI"
246517,"F099XY003MI"
1136695,"F099XY003MI"
1136696,"F099XY003MI"
1136704,"F099XY007MI"
246521,"F099XY008MI"
246522,"F099XY009MI"
246523,"F099XY004MI"
246524,"F099XY004MI"
246525,"F099XY004MI"
246526,"F099XY003MI"
1136697,"F099XY007MI"
246528,"F099XY013MI"
246530,"F099XY007MI"
246531,"F099XY007MI"
246533,"F099XY007MI"
246535,"F099XY009MI"
1136701,"F099XY013MI"
246537,"F099XY013MI"
1136698,"F099XY011MI"
247269,"F099XY007MI"
247271,"F099XY003MI"
247273,"F099XY013MI"
247274,"F099XY002MI"
247275,"F099XY013MI"
247276,"F099XY007MI"
247278,"F099XY007MI"
247277,"F099XY007MI"
247280,"F099XY002MI"
247281,"F099XY007MI"
247282,"F099XY013MI"
247283,"F099XY007MI"
247284,"F099XY007MI"
247285,"F099XY011MI"
247286,"F099XY007MI"
247288,"F099XY007MI"
247290,"F099XY007MI"
247291,"F099XY007MI"
247292,"F099XY007MI"
247293,"F099XY013MI"
247294,"F099XY013MI"
247295,"F099XY013MI"
247296,"F099XY007MI"
247299,"F099XY003MI"
247300,"F099XY008MI"
247301,"F099XY013MI"
247302,"F099XY007MI"
247303,"F099XY003MI"
247304,"F099XY008MI"
247305,"F099XY004MI"
247306,"F099XY007MI"
247308,"F099XY007MI"
247307,"F099XY007MI"
247310,"F099XY013MI"
247313,"F099XY013MI"
247834,"F099XY003MI"
247835,"F099XY003MI"
247836,"F099XY003MI"
247838,"F099XY008MI"
247839,"F099XY013MI"
247840,"F099XY013MI"
247842,"F099XY007MI"
247844,"F099XY007MI"
247845,"F099XY007MI"
247846,"F099XY007MI"
247847,"F099XY007MI"
247848,"F099XY007MI"
247850,"F099XY007MI"
247851,"F099XY007MI"
247853,"F099XY002MI"
247854,"F099XY008MI"
247855,"F099XY007MI"
247856,"F099XY007MI"
247857,"F099XY007MI"
247859,"F099XY013MI"
247860,"F099XY011MI"
247861,"F099XY011MI"
247863,"F099XY007MI"
247865,"F099XY013MI"
247868,"F099XY013MI"
247870,"F099XY013MI"
247871,"F099XY013MI"
247873,"F099XY007MI"
247874,"F099XY014MI"
247875,"F099XY007MI"
247876,"F099XY004MI"
247877,"F099XY004MI"
247878,"F099XY004MI"
247880,"F099XY003MI"
247881,"F099XY003MI"
247885,"F099XY003MI"
247886,"F099XY008MI"
247887,"F099XY003MI"
247888,"F099XY008MI"
247889,"F099XY007MI"
247890,"F099XY007MI"
247891,"F099XY007MI"
247892,"F099XY007MI"
247894,"F099XY009MI"
247896,"F099XY007MI"
247897,"F099XY007MI"
247898,"F099XY003MI"
247899,"F099XY003MI"
247902,"F099XY013MI"
247908,"F099XY013MI"
248038,"F099XY007MI"
248039,"F099XY007MI"
248040,"F099XY007MI"
248048,"F099XY002MI"
248049,"F099XY002MI"
248062,"F099XY007MI"
248067,"F099XY007MI"
248070,"F099XY013MI"
248072,"F099XY013MI"
248073,"F099XY002MI"
248079,"F099XY007MI"
248080,"F099XY007MI"
248085,"F099XY007MI"
248088,"F099XY008MI"
248598,"F139XY005OH"
248599,"F139XY005OH"
248600,"F139XY005OH"
248601,"F139XY004OH"
248602,"F139XY004OH"
248603,"F099XY008MI"
248604,"F099XY013MI"
248605,"F099XY002MI"
248606,"F099XY013MI"
248607,"F099XY007MI"
248608,"F099XY002MI"
248609,"F099XY008MI"
248610,"F099XY008MI"
248611,"F099XY009MI"
248612,"F099XY007MI"
248614,"F099XY007MI"
248617,"F099XY013MI"
248618,"F099XY002MI"
248619,"F099XY007MI"
248620,"F099XY004MI"
248622,"F099XY007MI"
248623,"F099XY003MI"
248624,"F099XY007MI"
248625,"F099XY008MI"
248630,"F099XY009MI"
249069,"F099XY004MI"
249070,"F099XY007MI"
249071,"F099XY007MI"
249072,"F099XY007MI"
249073,"F099XY007MI"
249078,"F099XY007MI"
249077,"F099XY007MI"
249079,"F099XY013MI"
249080,"F099XY007MI"
249081,"F099XY007MI"
249082,"F099XY007MI"
249083,"F099XY007MI"
249084,"F099XY007MI"
249086,"F099XY013MI"
249088,"F099XY008MI"
249089,"F099XY007MI"
249090,"F099XY007MI"
249091,"F099XY007MI"
249092,"F099XY007MI"
249093,"F099XY007MI"
249094,"F099XY007MI"
249095,"F099XY007MI"
249096,"F099XY007MI"
249097,"F099XY007MI"
249098,"F099XY007MI"
249099,"F099XY007MI"
249100,"F099XY007MI"
249101,"F099XY008MI"
249103,"F099XY007MI"
249104,"F099XY007MI"
249105,"F099XY007MI"
249106,"F099XY007MI"
249107,"F099XY007MI"
249108,"F099XY007MI"
249109,"F099XY007MI"
249112,"F099XY007MI"
249113,"F099XY007MI"
249115,"F099XY007MI"
249114,"F099XY007MI"
249116,"F099XY013MI"
249118,"F099XY013MI"
249120,"F099XY007MI"
249121,"F099XY007MI"
249122,"F099XY007MI"
249123,"F099XY013MI"
249124,"F099XY013MI"
249125,"F099XY013MI"
249126,"F099XY013MI"
249128,"F099XY007MI"
249129,"F099XY007MI"
249130,"F099XY007MI"
249131,"F099XY007MI"
249132,"F099XY007MI"
249133,"F099XY007MI"
249135,"F099XY007MI"
249134,"F099XY007MI"
249136,"F099XY013MI"
249140,"F099XY007MI"
249141,"F099XY007MI"
249142,"F099XY007MI"
249143,"F099XY003MI"
249144,"F099XY003MI"
249145,"F099XY007MI"
249146,"F099XY007MI"
249147,"F099XY007MI"
249148,"F099XY007MI"
249149,"F099XY007MI"
249150,"F099XY007MI"
249151,"F099XY007MI"
249152,"F099XY007MI"
249153,"F099XY003MI"
249154,"F099XY003MI"
249155,"F099XY007MI"
249156,"F099XY007MI"
249157,"F099XY008MI"
249159,"F099XY009MI"
249160,"F099XY003MI"
249161,"F099XY013MI"
249163,"F099XY007MI"
249164,"F099XY007MI"
1169251,"F099XY007MI"
1169256,"F099XY007MI"
249169,"F099XY009MI"
249170,"F099XY009MI"
249171,"F099XY013MI"
249172,"F099XY014MI"
249192,"F139XY007OH"
249193,"F139XY007OH"
249194,"F139XY007OH"
249196,"F139XY002OH"
249197,"F139XY002OH"
249198,"F139XY002OH"
249199,"F139XY002OH"
249210,"F139XY003OH"
249211,"F139XY003OH"
249212,"F139XY002OH"
249213,"F139XY002OH"
249214,"F139XY002OH"
249215,"F139XY002OH"
249217,"F139XY002OH"
249216,"F139XY002OH"
249218,"F139XY002OH"
249219,"F139XY002OH"
249221,"F139XY003OH"
249230,"F139XY012OH"
249245,"F139XY008OH"
249249,"F139XY008OH"
249253,"F139XY007OH"
249254,"F139XY007OH"
249256,"F139XY007OH"
249255,"F139XY007OH"
249259,"F139XY007OH"
249277,"F139XY007OH"
249278,"F139XY007OH"
249279,"F139XY007OH"
249282,"F139XY008OH"
249293,"F139XY005OH"
249294,"F139XY005OH"
249295,"F139XY005OH"
249298,"F139XY005OH"
249299,"F139XY005OH"
249300,"F139XY005OH"
249301,"F139XY005OH"
249302,"F139XY004OH"
249303,"F139XY004OH"
249304,"F139XY004OH"
249305,"F139XY004OH"
249306,"F139XY004OH"
249307,"F139XY004OH"
249308,"F139XY005OH"
249309,"F139XY003OH"
249311,"F139XY003OH"
249310,"F139XY005OH"
889678,"F099XY004MI"
889681,"F099XY007MI"
889683,"F099XY007MI"
889690,"F099XY007MI"
889715,"F099XY007MI"
889721,"F099XY007MI"
889731,"F099XY007MI"
251529,"F139XY008OH"
251530,"F139XY012OH"
251535,"F139XY002OH"
251536,"F139XY002OH"
251537,"F099XY001MI"
251538,"F099XY007MI"
251542,"F139XY002OH"
287868,"F139XY002OH"
251544,"F139XY004OH"
251548,"F099XY002MI"
251549,"F099XY002MI"
251550,"F099XY002MI"
251552,"F139XY011OH"
287869,"F139XY011OH"
251555,"F139XY003OH"
251556,"F139XY003OH"
251557,"F139XY007OH"
251559,"F099XY007MI"
251560,"F099XY002MI"
251561,"F099XY002MI"
251565,"F139XY004OH"
251566,"F139XY004OH"
251567,"F139XY009OH"
251568,"F099XY007MI"
251569,"F139XY011OH"
251570,"F099XY007MI"
251571,"F139XY011OH"
251574,"F139XY009OH"
251575,"F139XY004OH"
251576,"F139XY004OH"
251577,"F139XY004OH"
251578,"F139XY002OH"
251579,"F099XY013MI"
251580,"F139XY002OH"
251583,"F099XY002MI"
251584,"F139XY011OH"
251585,"F099XY013MI"
251586,"F139XY011OH"
251587,"F099XY013MI"
251588,"F099XY002MI"
251589,"F099XY002MI"
251594,"F139XY008OH"
251595,"F139XY003OH"
251596,"F139XY011OH"
251597,"F139XY008OH"
251598,"F139XY008OH"
251599,"F139XY003OH"
251604,"F139XY002OH"
251605,"F099XY007MI"
251606,"F139XY002OH"
251608,"F099XY003MI"
251609,"F099XY002MI"
251610,"F099XY002MI"
251611,"F099XY002MI"
251612,"F099XY013MI"
251613,"F139XY002OH"
251614,"F099XY007MI"
251615,"F139XY002OH"
251616,"F139XY002OH"
251617,"F139XY003OH"
251618,"F099XY004MI"
251619,"F139XY008OH"
251620,"F099XY013MI"
251623,"F139XY002OH"
251624,"F139XY002OH"
251626,"F139XY003OH"
251631,"F099XY013MI"
251632,"F139XY002OH"
251633,"F139XY002OH"
251634,"F139XY002OH"
251635,"F139XY002OH"
251924,"F099XY007MI"
252215,"F099XY013MI"
252417,"F099XY007MI"
269533,"F099XY007MI"
269551,"F099XY013MI"
269558,"F099XY009MI"
269563,"F099XY011MI"
280337,"F099XY007MI"
280340,"F099XY003MI"
280342,"F099XY007MI"
280344,"F099XY007MI"
280345,"F099XY007MI"
280347,"F099XY007MI"
280349,"F099XY007MI"
280352,"F099XY007MI"
280355,"F099XY008MI"
280358,"F099XY008MI"
280361,"F099XY008MI"
280365,"F099XY008MI"
280369,"F099XY007MI"
280373,"F099XY007MI"
280377,"F099XY007MI"
280379,"F099XY007MI"
280381,"F099XY007MI"
280384,"F099XY011MI"
280387,"F099XY007MI"
280392,"F099XY007MI"
280396,"F099XY007MI"
280404,"F099XY008MI"
280407,"F099XY008MI"
280409,"F099XY013MI"
280415,"F099XY007MI"
280418,"F099XY007MI"
280421,"F099XY007MI"
280424,"F099XY008MI"
280427,"F099XY013MI"
280430,"F099XY013MI"
280432,"F099XY007MI"
280435,"F099XY007MI"
280437,"F099XY007MI"
280440,"F099XY007MI"
280443,"F099XY007MI"
280447,"F099XY003MI"
280454,"F099XY003MI"
280457,"F099XY003MI"
280461,"F099XY003MI"
863738,"F099XY007MI"
280466,"F099XY007MI"
280470,"F099XY007MI"
280474,"F099XY007MI"
280477,"F099XY007MI"
280480,"F099XY007MI"
280483,"F099XY008MI"
280485,"F099XY009MI"
280487,"F099XY008MI"
280490,"F099XY008MI"
280493,"F099XY007MI"
280496,"F099XY007MI"
280500,"F099XY007MI"
280503,"F099XY007MI"
280506,"F099XY007MI"
280509,"F099XY007MI"
280512,"F099XY003MI"
280515,"F099XY013MI"
280523,"F099XY009MI"
280525,"F099XY007MI"
1139852,"F099XY003MI"
283467,"F099XY002MI"
283468,"F099XY002MI"
283469,"F099XY002MI"
283478,"F099XY007MI"
283487,"F099XY007MI"
283510,"F099XY007MI"
283517,"F099XY007MI"
283524,"F099XY007MI"
283526,"F099XY011MI"
283543,"F099XY007MI"
283546,"F099XY003MI"
283547,"F099XY003MI"
283550,"F099XY013MI"
283549,"F099XY013MI"
1151881,"F099XY013MI"
283553,"F099XY013MI"
283555,"F099XY008MI"
1147903,"F099XY013MI"
283570,"F099XY009MI"
283572,"F099XY013MI"
1145388,"F099XY013MI"
283580,"F099XY013MI"
283590,"F099XY013MI"
283591,"F099XY007MI"
283598,"F099XY013MI"
283600,"F099XY013MI"
1147029,"F099XY007MI"
1147030,"F099XY004MI"
283605,"F099XY007MI"
283690,"F099XY007MI"
283692,"F099XY009MI"
283698,"F099XY008MI"
322858,"F139XY009OH"
322859,"F139XY012OH"
322860,"F139XY001OH"
322861,"F139XY009OH"
322862,"F139XY003OH"
322863,"F139XY003OH"
322864,"F139XY002OH"
322865,"F139XY011OH"
322866,"F139XY002OH"
322867,"F139XY012OH"
322868,"F139XY003OH"
322869,"F139XY003OH"
322870,"F139XY003OH"
322871,"F139XY002OH"
322872,"F139XY002OH"
322873,"F139XY002OH"
322882,"F139XY004OH"
322883,"F139XY008OH"
322887,"F139XY004OH"
322888,"F139XY011OH"
322889,"F139XY011OH"
322890,"F139XY008OH"
322891,"F139XY007OH"
322892,"F139XY007OH"
322893,"F139XY007OH"
322898,"F139XY004OH"
322899,"F139XY004OH"
322900,"F139XY008OH"
322901,"F139XY003OH"
322902,"F139XY003OH"
322903,"F139XY005OH"
322904,"F139XY002OH"
322912,"F139XY002OH"
322914,"F139XY002OH"
322915,"F139XY011OH"
322916,"F139XY008OH"
322917,"F139XY008OH"
322918,"F139XY003OH"
322919,"F139XY003OH"
322920,"F139XY004OH"
323045,"F139XY004OH"
323054,"F139XY011OH"
323058,"F139XY002OH"
903443,"F139XY002OH"
903444,"F139XY002OH"
903446,"F139XY011OH"
903449,"F139XY002OH"
323079,"F139XY013OH"
323082,"F139XY003OH"
903454,"F139XY003OH"
903455,"F139XY003OH"
903456,"F139XY002OH"
903458,"F139XY002OH"
323091,"F139XY002OH"
903459,"F139XY003OH"
903460,"F139XY003OH"
323097,"F139XY011OH"
323098,"F139XY011OH"
903472,"F139XY002OH"
903473,"F139XY002OH"
323114,"F139XY004OH"
323124,"F139XY002OH"
323125,"F139XY002OH"
323126,"F139XY002OH"
323127,"F139XY002OH"
323135,"F139XY002OH"
903485,"F139XY002OH"
903486,"F139XY002OH"
323142,"F139XY009OH"
323143,"F139XY002OH"
903487,"F139XY002OH"
903488,"F139XY002OH"
323151,"F139XY005OH"
323152,"F139XY011OH"
903489,"F139XY011OH"
323154,"F139XY007OH"
903491,"F139XY007OH"
323156,"F139XY007OH"
323159,"F139XY007OH"
903492,"F139XY007OH"
903493,"F139XY007OH"
323162,"F139XY007OH"
903494,"F139XY007OH"
323165,"F139XY007OH"
323182,"F139XY004OH"
323185,"F139XY004OH"
323188,"F139XY008OH"
323191,"F139XY003OH"
903506,"F139XY003OH"
323207,"F139XY002OH"
323208,"F139XY002OH"
903550,"F139XY002OH"
903557,"F139XY002OH"
323222,"F139XY002OH"
323223,"F139XY008OH"
323225,"F139XY008OH"
323246,"F139XY004OH"
323251,"F139XY007OH"
323252,"F139XY007OH"
323253,"F139XY007OH"
323254,"F139XY005OH"
323255,"F139XY004OH"
323256,"F139XY002OH"
323257,"F139XY002OH"
323265,"F139XY002OH"
323267,"F139XY002OH"
323268,"F139XY002OH"
323269,"F139XY013OH"
323270,"F139XY013OH"
323271,"F139XY003OH"
323272,"F139XY003OH"
323273,"F139XY003OH"
323274,"F139XY002OH"
323275,"F139XY002OH"
323276,"F139XY003OH"
323279,"F139XY004OH"
323280,"F139XY007OH"
323281,"F139XY007OH"
323282,"F139XY008OH"
323283,"F139XY003OH"
323293,"F139XY002OH"
323294,"F139XY002OH"
323295,"F139XY002OH"
323296,"F139XY009OH"
323297,"F139XY009OH"
323298,"F139XY008OH"
323299,"F139XY007OH"
323300,"F139XY007OH"
323301,"F139XY007OH"
323303,"F139XY005OH"
323304,"F139XY005OH"
323305,"F139XY004OH"
323306,"F139XY009OH"
323307,"F139XY009OH"
323308,"F139XY004OH"
323309,"F139XY008OH"
323310,"F139XY003OH"
323315,"F139XY002OH"
323316,"F139XY003OH"
323317,"F139XY003OH"
323318,"F139XY002OH"
323319,"F139XY002OH"
323328,"F139XY008OH"
323334,"F139XY009OH"
323335,"F139XY005OH"
323336,"F139XY003OH"
323337,"F139XY005OH"
323338,"F139XY003OH"
323340,"F139XY003OH"
323339,"F139XY005OH"
323341,"F139XY004OH"
323342,"F139XY002OH"
323343,"F139XY005OH"
323587,"F139XY012OH"
323588,"F139XY012OH"
323590,"F139XY002OH"
323591,"F139XY002OH"
323593,"F139XY004OH"
323595,"F139XY011OH"
323596,"F139XY002OH"
323599,"F139XY009OH"
323600,"F139XY008OH"
323601,"F139XY003OH"
323602,"F139XY003OH"
323603,"F139XY003OH"
323604,"F139XY002OH"
323605,"F139XY011OH"
323606,"F139XY011OH"
323608,"F139XY002OH"
323610,"F139XY007OH"
323609,"F139XY007OH"
323618,"F139XY008OH"
323629,"F139XY002OH"
323632,"F139XY002OH"
323633,"F139XY002OH"
323637,"F139XY009OH"
323638,"F139XY004OH"
323640,"F139XY004OH"
323641,"F139XY004OH"
323642,"F139XY004OH"
323645,"F139XY002OH"
323646,"F139XY002OH"
323648,"F139XY007OH"
323649,"F139XY007OH"
323650,"F139XY007OH"
323651,"F139XY007OH"
323660,"F139XY011OH"
323662,"F139XY004OH"
323664,"F139XY004OH"
323665,"F139XY004OH"
323667,"F139XY008OH"
323670,"F139XY003OH"
323671,"F139XY003OH"
323672,"F139XY002OH"
323673,"F139XY003OH"
323680,"F139XY002OH"
323681,"F139XY008OH"
323682,"F139XY008OH"
323686,"F139XY012OH"
323688,"F139XY002OH"
323693,"F139XY004OH"
323696,"F139XY003OH"
323699,"F139XY002OH"
323704,"F139XY004OH"
323709,"F139XY011OH"
323712,"F139XY002OH"
323715,"F139XY002OH"
323723,"F139XY009OH"
323725,"F139XY003OH"
323727,"F139XY003OH"
323729,"F139XY003OH"
323731,"F139XY002OH"
323733,"F139XY003OH"
323734,"F139XY003OH"
323738,"F139XY002OH"
323739,"F139XY002OH"
323741,"F139XY011OH"
323744,"F139XY002OH"
323746,"F139XY002OH"
323776,"F139XY002OH"
323778,"F139XY002OH"
323783,"F139XY009OH"
323784,"F139XY002OH"
323785,"F139XY002OH"
323786,"F139XY002OH"
323787,"F139XY007OH"
323788,"F139XY007OH"
323789,"F139XY007OH"
323791,"F139XY007OH"
323793,"F139XY007OH"
323794,"F139XY007OH"
323800,"F139XY004OH"
323801,"F139XY008OH"
323802,"F139XY003OH"
323803,"F139XY003OH"
323810,"F139XY002OH"
323819,"F139XY008OH"
323822,"F139XY009OH"
323825,"F139XY009OH"
323826,"F139XY009OH"
323827,"F139XY002OH"
323829,"F139XY004OH"
323830,"F139XY004OH"
894892,"F139XY004OH"
894895,"F139XY004OH"
897513,"F139XY002OH"
323835,"F139XY012OH"
323836,"F139XY002OH"
894912,"F139XY002OH"
323851,"F139XY009OH"
323852,"F139XY008OH"
893188,"F139XY008OH"
894947,"F139XY008OH"
323856,"F139XY003OH"
894948,"F139XY003OH"
894949,"F139XY003OH"
894950,"F139XY003OH"
894951,"F139XY002OH"
894952,"F139XY003OH"
894953,"F139XY003OH"
894954,"F139XY003OH"
894955,"F139XY003OH"
894958,"F139XY003OH"
894699,"F139XY005OH"
894232,"F139XY003OH"
894959,"F139XY004OH"
894961,"F139XY002OH"
897514,"F139XY002OH"
894960,"F139XY004OH"
323876,"F139XY002OH"
323875,"F139XY002OH"
894250,"F139XY002OH"
894246,"F139XY002OH"
894251,"F139XY002OH"
894249,"F139XY002OH"
323881,"F139XY012OH"
323882,"F139XY007OH"
895118,"F139XY007OH"
895119,"F139XY007OH"
895120,"F139XY007OH"
323906,"F139XY002OH"
892723,"F139XY002OH"
892724,"F139XY002OH"
894416,"F139XY002OH"
323918,"F139XY002OH"
323920,"F139XY009OH"
894442,"F139XY009OH"
323923,"F139XY002OH"
894448,"F139XY002OH"
894449,"F139XY002OH"
323930,"F139XY013OH"
323931,"F139XY008OH"
323932,"F139XY011OH"
323933,"F139XY007OH"
894456,"F139XY007OH"
894457,"F139XY007OH"
895162,"F139XY007OH"
895163,"F139XY007OH"
895164,"F139XY007OH"
323952,"F139XY002OH"
323953,"F139XY011OH"
323954,"F139XY008OH"
894504,"F139XY003OH"
894505,"F139XY003OH"
894509,"F139XY003OH"
323983,"F139XY009OH"
323984,"F139XY008OH"
323998,"F139XY009OH"
323999,"F139XY005OH"
894881,"F139XY005OH"
324001,"F139XY013OH"
324002,"F139XY005OH"
894733,"F139XY005OH"
894734,"F139XY005OH"
895251,"F139XY004OH"
895252,"F139XY004OH"
895253,"F139XY004OH"
895255,"F139XY004OH"
324009,"F139XY007OH"
894742,"F139XY007OH"
894747,"F139XY004OH"
324013,"F139XY012OH"
324014,"F139XY012OH"
324015,"F139XY012OH"
324017,"F139XY002OH"
324018,"F139XY002OH"
324019,"F139XY002OH"
324020,"F139XY013OH"
324021,"F139XY008OH"
324022,"F139XY003OH"
324023,"F139XY003OH"
324024,"F139XY003OH"
324025,"F139XY003OH"
324027,"F139XY003OH"
324028,"F139XY003OH"
324030,"F139XY007OH"
324031,"F139XY002OH"
324037,"F139XY002OH"
324040,"F139XY008OH"
324043,"F139XY002OH"
324044,"F139XY002OH"
324045,"F139XY002OH"
324046,"F139XY002OH"
324047,"F139XY002OH"
324048,"F139XY002OH"
324050,"F139XY009OH"
324051,"F139XY004OH"
324052,"F139XY004OH"
324053,"F139XY002OH"
324054,"F139XY002OH"
324055,"F139XY002OH"
324056,"F139XY002OH"
324058,"F139XY008OH"
324059,"F139XY004OH"
324060,"F139XY011OH"
324061,"F139XY011OH"
324076,"F139XY011OH"
324079,"F139XY004OH"
324080,"F139XY004OH"
324081,"F139XY004OH"
324082,"F139XY004OH"
324084,"F139XY011OH"
324085,"F139XY011OH"
324086,"F139XY008OH"
324087,"F139XY003OH"
324088,"F139XY003OH"
324089,"F139XY003OH"
324091,"F139XY002OH"
324092,"F139XY002OH"
324093,"F139XY002OH"
324096,"F139XY008OH"
324097,"F139XY002OH"
324098,"F139XY002OH"
324099,"F139XY002OH"
324100,"F139XY008OH"
324102,"F139XY003OH"
324103,"F139XY003OH"
324104,"F139XY007OH"
324105,"F139XY007OH"
324107,"F139XY007OH"
324108,"F139XY002OH"
324109,"F139XY002OH"
324110,"F139XY002OH"
324111,"F139XY002OH"
324112,"F139XY002OH"
324113,"F139XY011OH"
324119,"F139XY002OH"
324120,"F139XY002OH"
324121,"F139XY013OH"
324122,"F139XY008OH"
324123,"F139XY003OH"
324124,"F139XY003OH"
324125,"F139XY002OH"
324126,"F139XY003OH"
324127,"F139XY003OH"
324128,"F139XY002OH"
324129,"F139XY002OH"
324131,"F139XY002OH"
324130,"F139XY002OH"
324132,"F139XY003OH"
324134,"F139XY003OH"
324136,"F139XY011OH"
324137,"F139XY011OH"
324138,"F139XY011OH"
324139,"F139XY007OH"
324140,"F139XY007OH"
324141,"F139XY007OH"
324153,"F139XY002OH"
324157,"F139XY002OH"
324158,"F139XY002OH"
324159,"F139XY002OH"
324160,"F139XY002OH"
324161,"F139XY002OH"
324162,"F139XY002OH"
324163,"F139XY002OH"
324164,"F139XY002OH"
324168,"F139XY004OH"
324169,"F139XY002OH"
324170,"F139XY002OH"
324171,"F139XY002OH"
324172,"F139XY002OH"
324174,"F139XY009OH"
324175,"F139XY008OH"
324176,"F139XY011OH"
324177,"F139XY007OH"
324178,"F139XY007OH"
324179,"F139XY007OH"
324180,"F139XY007OH"
324181,"F139XY007OH"
324183,"F139XY007OH"
324192,"F139XY011OH"
324193,"F139XY007OH"
324194,"F139XY007OH"
324195,"F139XY004OH"
324196,"F139XY004OH"
324197,"F139XY004OH"
324198,"F139XY011OH"
324199,"F139XY008OH"
324200,"F139XY009OH"
324201,"F139XY009OH"
324205,"F139XY004OH"
324206,"F139XY004OH"
324207,"F139XY004OH"
324235,"F139XY009OH"
324236,"F139XY002OH"
324237,"F139XY003OH"
324238,"F139XY003OH"
324239,"F139XY002OH"
324240,"F139XY002OH"
324245,"F139XY003OH"
324246,"F139XY003OH"
324247,"F139XY002OH"
324248,"F139XY002OH"
324249,"F139XY002OH"
324250,"F139XY002OH"
324251,"F139XY002OH"
324253,"F139XY002OH"
324275,"F139XY013OH"
324280,"F139XY003OH"
324281,"F139XY003OH"
324282,"F139XY002OH"
324283,"F139XY002OH"
324284,"F139XY003OH"
324285,"F139XY003OH"
324286,"F139XY003OH"
324287,"F139XY003OH"
324288,"F139XY003OH"
324290,"F139XY003OH"
324292,"F139XY002OH"
324295,"F139XY002OH"
324294,"F139XY002OH"
324298,"F139XY003OH"
324299,"F139XY002OH"
324300,"F139XY002OH"
324303,"F139XY007OH"
324306,"F139XY013OH"
324315,"F139XY004OH"
324316,"F139XY004OH"
324320,"F139XY012OH"
324333,"F139XY009OH"
324347,"F139XY013OH"
324348,"F139XY008OH"
324349,"F139XY007OH"
324351,"F139XY007OH"
324353,"F139XY007OH"
324354,"F139XY007OH"
324355,"F139XY007OH"
324356,"F139XY007OH"
324358,"F139XY007OH"
324361,"F139XY011OH"
324398,"F139XY002OH"
324400,"F139XY002OH"
324401,"F139XY002OH"
324412,"F139XY008OH"
324415,"F139XY009OH"
324438,"F139XY009OH"
324439,"F139XY009OH"
324444,"F139XY004OH"
324446,"F139XY004OH"
324447,"F139XY004OH"
324453,"F139XY005OH"
324456,"F139XY005OH"
324457,"F139XY005OH"
324458,"F139XY004OH"
324459,"F139XY013OH"
324460,"F139XY005OH"
324461,"F139XY005OH"
324462,"F139XY005OH"
324463,"F139XY004OH"
324464,"F139XY004OH"
324465,"F139XY004OH"
324466,"F139XY004OH"
324490,"F139XY003OH"
324491,"F139XY003OH"
324493,"F139XY005OH"
324492,"F139XY003OH"
324494,"F139XY002OH"
324495,"F139XY004OH"
324497,"F139XY004OH"
324496,"F139XY002OH"
324499,"F139XY002OH"
324498,"F139XY002OH"
324501,"F139XY002OH"
324500,"F139XY002OH"
324513,"F139XY009OH"
324515,"F139XY002OH"
324524,"F139XY007OH"
324525,"F139XY007OH"
324526,"F139XY007OH"
324527,"F139XY007OH"
324560,"F139XY005OH"
324561,"F139XY005OH"
324562,"F139XY004OH"
324563,"F139XY004OH"
324667,"F139XY007OH"
324668,"F139XY004OH"
324669,"F139XY002OH"
324670,"F139XY009OH"
324671,"F139XY002OH"
324674,"F139XY002OH"
324689,"F139XY002OH"
324691,"F139XY008OH"
324693,"F139XY003OH"
324694,"F139XY003OH"
324695,"F139XY003OH"
324697,"F139XY003OH"
324698,"F139XY003OH"
324699,"F139XY003OH"
324716,"F139XY008OH"
324719,"F139XY002OH"
324724,"F139XY002OH"
324725,"F139XY002OH"
324726,"F139XY009OH"
324727,"F139XY002OH"
324729,"F139XY002OH"
324733,"F139XY008OH"
324736,"F139XY007OH"
324737,"F139XY007OH"
324738,"F139XY007OH"
324739,"F139XY007OH"
324754,"F139XY011OH"
324755,"F139XY008OH"
324757,"F139XY008OH"
324758,"F139XY003OH"
324766,"F139XY002OH"
324773,"F139XY007OH"
324783,"F139XY009OH"
324785,"F139XY003OH"
324786,"F139XY003OH"
324787,"F139XY003OH"
324788,"F139XY003OH"
324789,"F139XY002OH"
324790,"F139XY004OH"
324791,"F139XY004OH"
324792,"F139XY004OH"
324793,"F139XY002OH"
324795,"F139XY011OH"
324796,"F139XY002OH"
324798,"F139XY002OH"
324809,"F139XY013OH"
324810,"F139XY003OH"
324811,"F139XY003OH"
324812,"F139XY003OH"
324813,"F139XY003OH"
324814,"F139XY003OH"
324815,"F139XY003OH"
324816,"F139XY003OH"
324818,"F139XY002OH"
324817,"F139XY002OH"
324819,"F139XY002OH"
324820,"F139XY002OH"
324821,"F139XY002OH"
324822,"F139XY002OH"
324823,"F139XY003OH"
324825,"F139XY003OH"
324827,"F139XY003OH"
324828,"F139XY005OH"
324830,"F139XY004OH"
324829,"F139XY002OH"
324832,"F139XY004OH"
324831,"F139XY002OH"
324833,"F139XY011OH"
324834,"F139XY007OH"
324835,"F139XY007OH"
324836,"F139XY007OH"
324837,"F139XY007OH"
324855,"F139XY002OH"
324856,"F139XY002OH"
324857,"F139XY002OH"
324858,"F139XY002OH"
324859,"F139XY002OH"
324868,"F139XY002OH"
324869,"F139XY009OH"
324870,"F139XY004OH"
324871,"F139XY002OH"
324873,"F139XY002OH"
324874,"F139XY005OH"
324875,"F139XY005OH"
324876,"F139XY013OH"
324877,"F139XY011OH"
324878,"F139XY007OH"
324879,"F139XY007OH"
324880,"F139XY007OH"
324881,"F139XY007OH"
324882,"F139XY007OH"
324889,"F139XY004OH"
324890,"F139XY004OH"
324891,"F139XY004OH"
324892,"F139XY004OH"
324893,"F139XY011OH"
324894,"F139XY008OH"
324896,"F139XY003OH"
324897,"F139XY003OH"
324902,"F139XY002OH"
324904,"F139XY002OH"
324912,"F139XY011OH"
324913,"F139XY008OH"
324924,"F139XY009OH"
324925,"F139XY005OH"
324926,"F139XY005OH"
324927,"F139XY005OH"
324928,"F139XY005OH"
324929,"F139XY005OH"
324930,"F139XY004OH"
324931,"F139XY004OH"
326654,"F139XY006OH"
326655,"F139XY006OH"
326656,"F139XY006OH"
326671,"F139XY006OH"
327818,"F139XY006OH"
372978,"F139XY006OH"
372986,"F139XY006OH"
327863,"F139XY006OH"
327878,"F139XY006OH"
327882,"F139XY006OH"
327886,"F139XY006OH"
327899,"F139XY002OH"
327909,"F139XY002OH"
327932,"F139XY011OH"
327938,"F139XY002OH"
327952,"F139XY011OH"
327958,"F139XY002OH"
327964,"F139XY002OH"
327970,"F139XY002OH"
327982,"F139XY011OH"
328011,"F139XY002OH"
328016,"F139XY002OH"
328021,"F139XY011OH"
328027,"F139XY011OH"
328038,"F139XY002OH"
328044,"F139XY006OH"
328050,"F139XY003OH"
328054,"F139XY003OH"
328058,"F139XY003OH"
328062,"F139XY002OH"
328107,"F139XY006OH"
328113,"F139XY006OH"
328119,"F139XY006OH"
328125,"F139XY006OH"
328130,"F139XY006OH"
328152,"F139XY002OH"
328305,"F139XY006OH"
328403,"F139XY011OH"
328387,"F139XY002OH"
328571,"F139XY013OH"
328577,"F139XY013OH"
328704,"F139XY003OH"
328711,"F139XY011OH"
328718,"F139XY002OH"
328780,"F139XY011OH"
328786,"F139XY006OH"
328791,"F139XY006OH"
328796,"F139XY011OH"
328831,"F139XY011OH"
328837,"F139XY011OH"
328843,"F139XY011OH"
328848,"F139XY006OH"
328853,"F139XY006OH"
328858,"F139XY013OH"
328873,"F139XY006OH"
328878,"F139XY006OH"
328883,"F139XY006OH"
328888,"F139XY006OH"
328893,"F139XY006OH"
328913,"F139XY006OH"
328918,"F139XY006OH"
328923,"F139XY006OH"
328928,"F139XY006OH"
328933,"F139XY006OH"
328938,"F139XY006OH"
328943,"F139XY006OH"
328948,"F139XY006OH"
328953,"F139XY006OH"
328958,"F139XY002OH"
328963,"F139XY002OH"
328968,"F139XY002OH"
328973,"F139XY002OH"
328978,"F139XY002OH"
328988,"F139XY003OH"
328993,"F139XY006OH"
328998,"F139XY006OH"
329003,"F139XY002OH"
329009,"F139XY002OH"
329014,"F139XY002OH"
329019,"F139XY002OH"
329024,"F139XY002OH"
329029,"F139XY006OH"
329034,"F139XY006OH"
329054,"F139XY009OH"
329055,"F139XY008OH"
329090,"F139XY011OH"
329095,"F139XY009OH"
329100,"F139XY008OH"
329106,"F139XY011OH"
329111,"F139XY003OH"
329116,"F139XY003OH"
329121,"F139XY003OH"
329131,"F139XY006OH"
329137,"F139XY006OH"
329143,"F139XY006OH"
329149,"F139XY006OH"
329166,"F139XY011OH"
329197,"F139XY008OH"
329202,"F139XY006OH"
329222,"F139XY006OH"
329228,"F139XY006OH"
329233,"F139XY006OH"
329238,"F139XY006OH"
329243,"F139XY013OH"
329255,"F139XY006OH"
329261,"F139XY002OH"
329267,"F139XY002OH"
329273,"F139XY008OH"
329279,"F139XY002OH"
329291,"F139XY007OH"
329297,"F139XY013OH"
329298,"F139XY011OH"
329334,"F139XY006OH"
329340,"F139XY006OH"
329346,"F139XY002OH"
329351,"F139XY008OH"
329357,"F139XY008OH"
329363,"F139XY006OH"
329369,"F139XY006OH"
329375,"F139XY006OH"
329381,"F139XY006OH"
329387,"F139XY006OH"
329393,"F139XY002OH"
329400,"F139XY002OH"
329406,"F139XY006OH"
329412,"F139XY006OH"
329418,"F139XY006OH"
329430,"F139XY006OH"
329436,"F139XY006OH"
329442,"F139XY006OH"
329448,"F139XY006OH"
329454,"F139XY006OH"
329460,"F139XY006OH"
329486,"F139XY008OH"
362544,"F139XY011OH"
362558,"F139XY006OH"
362569,"F139XY013OH"
362608,"F139XY002OH"
362611,"F139XY002OH"
362645,"F139XY011OH"
362672,"F139XY006OH"
362677,"F139XY006OH"
362687,"F139XY009OH"
362699,"F139XY008OH"
362703,"F139XY002OH"
362710,"F139XY006OH"
362715,"F139XY006OH"
362723,"F139XY012OH"
362725,"F139XY012OH"
362727,"F139XY006OH"
362730,"F139XY006OH"
362736,"F139XY006OH"
362740,"F139XY006OH"
362776,"F139XY006OH"
362781,"F139XY006OH"
362784,"F139XY006OH"
362787,"F139XY006OH"
362790,"F139XY006OH"
362793,"F139XY006OH"
362797,"F139XY004OH"
362801,"F139XY004OH"
362805,"F139XY006OH"
362835,"F139XY008OH"
362837,"F139XY008OH"
362840,"F139XY005OH"
362843,"F139XY005OH"
362846,"F139XY005OH"
362849,"F139XY006OH"
362852,"F139XY005OH"
362854,"F139XY006OH"
362857,"F139XY005OH"
362861,"F139XY005OH"
362864,"F139XY006OH"
362867,"F139XY006OH"
362890,"F139XY007OH"
362893,"F139XY007OH"
362896,"F139XY007OH"
362900,"F139XY007OH"
362908,"F139XY009OH"
362931,"F139XY008OH"
362934,"F139XY008OH"
362937,"F139XY002OH"
362949,"F139XY006OH"
362957,"F139XY009OH"
1215922,"F139XY008OH"
364560,"F139XY006OH"
364562,"F139XY006OH"
364566,"F139XY006OH"
364570,"F139XY006OH"
367545,"F139XY002OH"
367575,"F139XY013OH"
367577,"F139XY003OH"
367579,"F139XY003OH"
367581,"F139XY003OH"
367585,"F139XY003OH"
367690,"F139XY002OH"
367691,"F139XY002OH"
367692,"F139XY002OH"
367693,"F139XY002OH"
367696,"F139XY004OH"
367697,"F139XY004OH"
367700,"F139XY004OH"
367704,"F139XY007OH"
367706,"F139XY007OH"
367746,"F139XY004OH"
367815,"F139XY001OH"
367816,"F139XY002OH"
367817,"F139XY004OH"
367818,"F139XY002OH"
367822,"F139XY011OH"
367823,"F139XY002OH"
370861,"F139XY004OH"
370837,"F139XY011OH"
370836,"F139XY002OH"
367830,"F139XY002OH"
371062,"F139XY002OH"
370839,"F139XY002OH"
367833,"F139XY013OH"
367834,"F139XY005OH"
367835,"F139XY005OH"
367836,"F139XY005OH"
367837,"F139XY004OH"
367838,"F139XY005OH"
367839,"F139XY005OH"
367840,"F139XY005OH"
367842,"F139XY002OH"
367843,"F139XY002OH"
328730,"F139XY002OH"
367849,"F139XY002OH"
367850,"F139XY002OH"
328731,"F139XY002OH"
367854,"F139XY004OH"
367853,"F139XY002OH"
367855,"F139XY004OH"
367861,"F139XY002OH"
367866,"F139XY002OH"
367867,"F139XY002OH"
367868,"F139XY002OH"
367870,"F139XY002OH"
367871,"F139XY004OH"
367872,"F139XY011OH"
367874,"F139XY008OH"
367876,"F139XY004OH"
367878,"F139XY004OH"
367879,"F139XY005OH"
367880,"F139XY002OH"
367882,"F139XY002OH"
367884,"F139XY003OH"
367888,"F139XY004OH"
367889,"F139XY004OH"
367891,"F139XY008OH"
367893,"F139XY009OH"
367895,"F139XY004OH"
367896,"F139XY004OH"
367897,"F139XY005OH"
367898,"F139XY005OH"
367902,"F139XY004OH"
367904,"F139XY005OH"
367905,"F139XY005OH"
367909,"F139XY009OH"
367912,"F139XY013OH"
372570,"F139XY008OH"
328747,"F139XY009OH"
328749,"F139XY008OH"
778611,"F139XY006OH"
778614,"F139XY006OH"
778617,"F139XY006OH"
778619,"F139XY006OH"
778622,"F139XY006OH"
778726,"F139XY006OH"
778729,"F139XY006OH"
778732,"F139XY006OH"
778738,"F139XY006OH"
778741,"F139XY006OH"
778744,"F139XY006OH"
778790,"F139XY012OH"
778821,"F139XY006OH"
778824,"F139XY006OH"
779618,"F139XY006OH"
779621,"F139XY006OH"
779624,"F139XY006OH"
779627,"F139XY006OH"
779630,"F139XY012OH"
779718,"F139XY006OH"
779721,"F139XY006OH"
779724,"F139XY006OH"
779755,"F139XY008OH"
779772,"F139XY009OH"
788085,"F139XY011OH"
788101,"F139XY008OH"
788184,"F139XY009OH"
788186,"F139XY008OH"
892898,"F139XY002OH"
892927,"F139XY009OH"
893814,"F139XY002OH"
895337,"F139XY009OH"
895351,"F139XY004OH"
895407,"F139XY004OH"
895584,"F139XY009OH"
895596,"F139XY008OH"
896140,"F139XY004OH"
923618,"F099XY007MI"
923634,"F099XY007MI"
923722,"F099XY013MI"
923731,"F099XY007MI"
923741,"F099XY007MI"
923749,"F099XY007MI"
923756,"F099XY007MI"
923807,"F099XY007MI"
923814,"F099XY008MI"
923846,"F099XY007MI"
923854,"F099XY007MI"
923859,"F099XY007MI"
923865,"F099XY007MI"
923873,"F099XY007MI"
923955,"F099XY007MI"
923962,"F099XY007MI"
924012,"F099XY007MI"
924045,"F099XY008MI"
924068,"F099XY007MI"
924092,"F099XY008MI"
924107,"F099XY013MI"
924114,"F099XY013MI"
924168,"F099XY007MI"
924177,"F099XY007MI"
924180,"F099XY007MI"
924189,"F099XY007MI"
924193,"F099XY007MI"
924207,"F099XY007MI"
924221,"F099XY007MI"
924231,"F099XY007MI"
924250,"F099XY007MI"
924265,"F099XY003MI"
924273,"F099XY013MI"
924312,"F099XY007MI"
924329,"F099XY003MI"
924343,"F099XY003MI"
924352,"F099XY008MI"
924367,"F099XY007MI"
924375,"F099XY007MI"
924389,"F099XY007MI"
924396,"F099XY007MI"
924427,"F099XY009MI"
924585,"F099XY007MI"
924598,"F099XY007MI"
924603,"F099XY013MI"
924616,"F099XY007MI"
924625,"F099XY007MI"
924635,"F099XY007MI"
924679,"F099XY007MI"
924684,"F099XY007MI"
1150988,"F099XY002MI"
1150989,"F099XY002MI"
1158602,"F099XY008MI"
1183816,"F099XY009MI"
1239060,"F139XY004OH"
1239066,"F139XY002OH"
1239075,"F139XY011OH"
1240201,"F139XY011OH"
1239078,"F139XY011OH"
1239091,"F139XY004OH"
1239110,"F139XY002OH"
1239179,"F139XY002OH"
1239180,"F139XY002OH"
1239881,"F139XY004OH"
1239890,"F139XY011OH"
1239893,"F139XY011OH"
1239896,"F139XY011OH"
1239922,"F139XY011OH"
1456239,"F139XY011OH"
1482451,"F139XY008OH"
1497995,"F139XY007OH"
1497999,"F139XY003OH"
1498001,"F139XY003OH"
1498003,"F139XY003OH"
1498006,"F139XY002OH"
1498010,"F139XY003OH"
1498011,"F139XY002OH"
1498016,"F139XY002OH"
1498017,"F139XY007OH"
1522954,"F139XY002OH"
1522958,"F139XY004OH"
1522966,"F139XY008OH"
1522984,"F139XY009OH"
1522996,"F139XY009OH"
1563183,"F139XY002OH"
1563206,"F139XY006OH"
2012613,"F139XY006OH"
2012614,"F139XY004OH"
1563216,"F139XY009OH"
1563217,"F139XY008OH"
1736681,"F099XY013MI"
1697540,"F139XY006OH"
1737078,"F099XY004MI"
1737091,"F099XY004MI"
1737100,"F099XY004MI"
1750106,"F139XY013OH"
1750111,"F139XY002OH"
1750117,"F139XY002OH"
1750123,"F139XY002OH"
1750133,"F139XY007OH"
1750139,"F139XY005OH"
1750305,"F139XY001OH"
1750307,"F139XY002OH"
1750313,"F139XY002OH"
2012626,"F139XY005OH"
2074527,"F139XY005OH"
2074528,"F139XY004OH"
1750338,"F139XY011OH"
2074530,"F139XY002OH"
1771312,"F139XY006OH"
1771315,"F139XY006OH"
2012554,"F139XY002OH"
2074531,"F139XY002OH"
2074532,"F139XY002OH"
1807308,"F139XY005OH"
1807310,"F139XY002OH"
1812774,"F139XY011OH"
1807322,"F139XY011OH"
1807328,"F139XY004OH"
1807334,"F139XY006OH"
1807339,"F139XY006OH"
1808580,"F139XY007OH"
1808584,"F139XY006OH"
2012609,"F139XY006OH"
1868264,"F139XY006OH"
1868273,"F139XY006OH"
1868288,"F139XY006OH"
1868291,"F139XY006OH"
2012430,"F139XY011OH"
2012454,"F139XY006OH"
2074533,"F139XY006OH"
2074534,"F139XY006OH"
2074535,"F139XY006OH"
2012504,"F139XY006OH"
2012519,"F139XY008OH"
2074529,"F139XY004OH"
2012529,"F139XY011OH"
2102956,"F139XY002OH"
2074539,"F139XY006OH"
2012600,"F139XY005OH"
2074536,"F139XY006OH"
2074537,"F139XY006OH"
2074538,"F139XY006OH"
2012571,"F139XY005OH"
2012570,"F139XY005OH"
2012623,"F139XY005OH"
2012620,"F139XY005OH"
2012621,"F139XY004OH"
2012624,"F139XY004OH"
2012625,"F139XY004OH"
2012622,"F139XY004OH"
2012594,"F139XY008OH"
2102933,"F139XY006OH"
2102927,"F139XY006OH"
2102949,"F139XY008OH"
2102964,"F139XY006OH"
2102969,"F139XY005OH"
2102968,"F139XY005OH"
2102973,"F139XY004OH"
2102984,"F139XY004OH"
2102986,"F139XY005OH"
2103002,"F139XY004OH"
2103004,"F139XY005OH"
2103006,"F139XY004OH"
2103017,"F139XY002OH"
2103009,"F139XY003OH"
2103011,"F139XY002OH"
2103016,"F139XY003OH"
2103018,"F139XY002OH"
2119946,"F099XY014MI"
2119951,"F099XY014MI"
2139329,"F139XY008OH"
2139346,"F139XY004OH"
2143938,"F139XY008OH"
2507886,"F139XY004OH"
2507872,"F139XY004OH"
2507878,"F139XY004OH"
2507887,"F139XY004OH"
2507880,"F139XY006OH"
2507889,"F139XY006OH"
2259276,"F139XY006OH"
2287178,"F139XY002OH"
2259280,"F139XY006OH"
2299927,"F139XY002OH"
2299946,"F139XY002OH"
2299947,"F139XY002OH"
2299960,"F139XY002OH"
2299950,"F139XY002OH"
2299964,"F139XY002OH"
2299966,"F139XY002OH"
2299954,"F139XY002OH"
2299961,"F139XY002OH"
2299971,"F139XY002OH"
2299973,"F139XY002OH"
2299975,"F139XY002OH"
2299979,"F139XY002OH"
2299980,"F139XY002OH"
2299982,"F139XY002OH"
2299986,"F139XY002OH"
2299999,"F139XY002OH"
2299990,"F139XY002OH"
2299994,"F139XY002OH"
2300005,"F139XY002OH"
2300065,"F139XY002OH"
2300078,"F139XY002OH"
2300066,"F139XY002OH"
2300018,"F139XY002OH"
2300073,"F139XY002OH"
2300079,"F139XY002OH"
2300027,"F139XY002OH"
2300072,"F139XY002OH"
2300077,"F139XY002OH"
2300096,"F139XY002OH"
2300099,"F139XY002OH"
2300081,"F139XY002OH"
2300084,"F139XY002OH"
2300089,"F139XY002OH"
2300115,"F139XY011OH"
2300109,"F139XY011OH"
2300125,"F139XY011OH"
2300118,"F139XY011OH"
2329129,"F139XY011OH"
2329132,"F139XY011OH"
2329205,"F139XY011OH"
2329152,"F139XY004OH"
2329162,"F139XY004OH"
2329165,"F139XY004OH"
2329170,"F139XY004OH"
2329176,"F139XY004OH"
2329180,"F139XY004OH"
2329249,"F139XY006OH"
2329223,"F139XY004OH"
2329181,"F139XY004OH"
2329187,"F139XY004OH"
2329192,"F139XY004OH"
2329195,"F139XY004OH"
2329225,"F139XY004OH"
2329199,"F139XY004OH"
2329228,"F139XY004OH"
2329183,"F139XY006OH"
2377454,"F139XY006OH"
2329198,"F139XY004OH"
2329251,"F139XY006OH"
2329241,"F139XY004OH"
2329233,"F139XY004OH"
2329239,"F139XY004OH"
2329234,"F139XY004OH"
2329247,"F139XY004OH"
2329243,"F139XY004OH"
2329217,"F139XY004OH"
2329220,"F139XY004OH"
2329206,"F139XY004OH"
2349046,"F139XY004OH"
2349057,"F139XY004OH"
2349051,"F139XY004OH"
2349063,"F139XY004OH"
2349061,"F139XY004OH"
2349066,"F139XY004OH"
2349069,"F139XY004OH"
2349084,"F139XY004OH"
2349081,"F139XY004OH"
2349072,"F139XY006OH"
2349108,"F139XY006OH"
2349076,"F139XY006OH"
2349124,"F139XY012OH"
2349093,"F139XY012OH"
2349125,"F139XY012OH"
2414603,"F139XY011OH"
2349126,"F139XY012OH"
2349127,"F139XY012OH"
2349132,"F139XY004OH"
2349133,"F139XY004OH"
2366228,"F139XY002OH"
2304727,"F099XY013MI"
2304749,"F099XY009MI"
2304752,"F099XY013MI"
2377347,"F139XY004OH"
2377348,"F139XY004OH"
2377357,"F139XY004OH"
2377349,"F139XY004OH"
2377355,"F139XY004OH"
2377359,"F139XY004OH"
2377369,"F139XY004OH"
2377383,"F139XY004OH"
2377361,"F139XY004OH"
2377371,"F139XY004OH"
2377379,"F139XY004OH"
2377366,"F139XY004OH"
2377387,"F139XY004OH"
2377381,"F139XY004OH"
2377390,"F139XY004OH"
2377373,"F139XY004OH"
2377376,"F139XY004OH"
2377467,"F139XY004OH"
2377469,"F139XY004OH"
2377476,"F139XY004OH"
2377481,"F139XY004OH"
2377486,"F139XY004OH"
2377496,"F139XY004OH"
2377492,"F139XY004OH"
2377501,"F139XY002OH"
2414441,"F139XY002OH"
2414447,"F139XY002OH"
2414451,"F139XY002OH"
2414454,"F139XY002OH"
2414459,"F139XY004OH"
2414461,"F139XY002OH"
2414469,"F139XY004OH"
2436245,"F139XY002OH"
2414463,"F139XY004OH"
2414464,"F139XY002OH"
2414479,"F139XY002OH"
2414485,"F139XY002OH"
2414490,"F139XY002OH"
2414495,"F139XY002OH"
2414501,"F139XY002OH"
2414504,"F139XY002OH"
2414510,"F139XY002OH"
2414546,"F139XY003OH"
2414575,"F139XY004OH"
2414570,"F139XY004OH"
2414572,"F139XY004OH"
2414558,"F139XY004OH"
2414552,"F139XY002OH"
2414579,"F139XY011OH"
2414590,"F139XY011OH"
2414585,"F139XY011OH"
2414581,"F139XY011OH"
2414596,"F139XY011OH"
2414601,"F139XY011OH"
2436362,"F139XY006OH"
2436376,"F139XY006OH"
2436378,"F139XY006OH"
2436379,"F139XY002OH"
2436393,"F139XY002OH"
2436399,"F139XY002OH"
2462445,"F139XY006OH"
2436419,"F139XY004OH"
2436423,"F139XY006OH"
2492650,"F139XY006OH"
2436426,"F139XY006OH"
2462429,"F139XY006OH"
2462470,"F139XY006OH"
2462432,"F139XY004OH"
2462435,"F139XY006OH"
2462438,"F139XY006OH"
2462473,"F139XY006OH"
2462442,"F139XY004OH"
2462446,"F139XY006OH"
2462449,"F139XY006OH"
2462451,"F139XY006OH"
2462499,"F139XY004OH"
2462484,"F139XY004OH"
2462483,"F139XY006OH"
2462490,"F139XY004OH"
2462487,"F139XY006OH"
2462495,"F139XY006OH"
2462505,"F139XY004OH"
2462509,"F139XY006OH"
2462514,"F139XY006OH"
2462517,"F139XY006OH"
2462568,"F139XY011OH"
2462569,"F139XY004OH"
2462581,"F139XY002OH"
2462574,"F139XY004OH"
2462584,"F139XY002OH"
2400627,"F099XY013MI"
2412227,"F099XY007MI"
2412261,"F099XY013MI"
2412265,"F099XY013MI"
2412269,"F099XY013MI"
2412272,"F099XY013MI"
2412274,"F099XY013MI"
2503885,"F099XY013MI"
2405229,"F099XY013MI"
2462589,"F139XY004OH"
2462586,"F139XY002OH"
2462521,"F139XY004OH"
2462529,"F139XY004OH"
2462533,"F139XY002OH"
2462528,"F139XY004OH"
2462540,"F139XY004OH"
2462562,"F139XY002OH"
2462536,"F139XY004OH"
2462558,"F139XY002OH"
2462557,"F139XY004OH"
2462546,"F139XY004OH"
2462553,"F139XY004OH"
2507884,"F139XY004OH"
2492767,"F139XY006OH"
2492772,"F139XY006OH"
2492814,"F139XY006OH"
2492689,"F139XY006OH"
2492696,"F139XY006OH"
2492702,"F139XY006OH"
2492708,"F139XY006OH"
2492711,"F139XY006OH"
2492764,"F139XY006OH"
2544140,"F139XY002OH"
2507913,"F139XY002OH"
2507925,"F139XY002OH"
