"","muiid","LRU","ncnesoil30m","MLRA.value","MLRA.total","Value","Count","percentmlra","pmlra","mu.total","affinity","best","ofbest"
"386",160857,"111C",160857,90,7419931,95578,348,0.00469007056804167,0.00469007056804167,0.0398840826613648,11.7592539556761,88.2407460443239,13.3263310690612
"601",161345,"111",161345,79,60797146,94370,30913,0.0508461367578011,0.0508461367578011,0.672280254345435,7.56323518787673,92.4367648121233,8.18206392580801
"608",161349,"111",161349,79,60797146,94427,87,0.000143098822434856,0.000143098822434856,0.329933994361829,0.0433719546576711,99.9566280453423,0.0433907740845326
"614",161352,"111",161352,79,60797146,94430,307,0.000504957913649433,0.000504957913649433,0.0194613268424722,2.59467361982442,97.4053263801756,2.66379028360044
"632",161367,"111",161367,79,60797146,94391,4479,0.00736712213431861,0.00736712213431861,0.111443607779164,6.61062781538556,93.3893721846144,7.0785654306761
"634",161368,"111",161368,79,60797146,94393,2244,0.00369096273038869,0.00369096273038869,0.0895452533011296,4.12189657666883,95.8781034233312,4.29910107678016
"637",161370,"111",161370,79,60797146,94445,116,0.000190798429913141,0.000190798429913141,0.125294023273887,0.152280551719586,99.8477194482804,0.152512799051425
"639",161371,"111",161371,79,60797146,94379,22600,0.037172797552043,0.037172797552043,0.854102729174027,4.35226305716076,95.6477369428392,4.55030426884198
"641",161372,"111",161372,79,60797146,94411,3659,0.00601837461251882,0.00601837461251882,0.448196603832168,1.34279790633408,98.6572020936659,1.36107438467515
"655",161381,"111",161381,79,60797146,94631,623,0.00102471915375765,0.00102471915375765,0.52428510888848,0.195450745478947,99.804549254521,0.195833503521478
"668",161393,"111",161393,79,60797146,94420,1387,0.00228135708870281,0.00228135708870281,0.0925406907877526,2.46524752439469,97.5347524756053,2.5275580875763
"670",161395,"111",161395,79,60797146,94444,154,0.000253301363850204,0.000253301363850204,0.0361103524282848,0.701464668209099,99.2985353317909,0.706419954599795
"674",161397,"111",161397,79,60797146,94387,24146,0.0397156800748509,0.0397156800748509,2.19339999941346,1.81069025647266,98.1893097435273,1.84408084872195
"680",161400,"111",161400,79,60797146,94386,11056,0.0181850641475835,0.0181850641475835,2.42234013576184,0.750722983907634,99.2492770160924,0.756401463545081
"697",161839,"111C",161839,90,7419931,95399,204,0.00274935171230029,0.00274935171230029,0.146838654885638,1.87236236564654,65.8482582407788,2.84345010129215
"701",161843,"111C",161843,90,7419931,95420,160,0.00215635428415709,0.00215635428415709,0.0405412994205926,5.3189076694019,60.6660972503644,8.76751251601231
"721",161855,"111C",161855,90,7419931,95373,220,0.002964987140716,0.002964987140716,0.162467865162191,1.82496836390141,52.6788816009929,3.4643263266755
"728",161858,"111C",161858,90,7419931,95378,404,0.00544479456749665,0.00544479456749665,0.14287493210713,3.81088164816349,63.6669703061507,5.9856494346101
"748",161870,"111C",161870,90,7419931,95416,38,0.000512134142487309,0.000512134142487309,0.017195160010836,2.97836217961667,54.13921401115,5.5013029539056
"772",162557,"111B",162557,91,30978541,96104,62,0.000200138541062989,0.000200138541062989,0.0656689579752503,0.304768869849311,85.1239292076298,0.358029607756868
"778",162560,"111B",162560,91,30978541,95197,35,0.000112981434471042,0.000112981434471042,0.323342465827669,0.0349417247690743,78.3076477032079,0.0446210884810461
"781",162561,"111C",162561,90,7419931,94977,2090,0.028167377836802,0.028167377836802,0.272001198465795,10.3556079883759,89.6443920116241,11.5518748646687
"783",162562,"111B",162562,91,30978541,96097,26,8.39290656070601e-05,8.39290656070601e-05,0.101179631810888,0.0829505544791166,78.3518297246219,0.105869326562835
"786",162564,"111B",162564,91,30978541,96101,170,0.000548766967430777,0.000548766967430777,0.288865774508923,0.189972996407654,67.6922923105219,0.280641990281846
"792",162566,"111B",162566,91,30978541,95195,383,0.00123633969721169,0.00123633969721169,0.097450787561869,1.26868107292286,64.8207367435035,1.95721483071543
"800",162570,"111B",162570,91,30978541,96094,14,4.5192573788417e-05,4.5192573788417e-05,0.184162813560298,0.0245394675041822,66.8464330986304,0.0367102122980515
"806",162573,"111B",162573,91,30978541,95179,227,0.000732765303569332,0.000732765303569332,0.497452655249396,0.147303526443529,65.3071055676463,0.225555129358703
"812",162575,"111B",162575,91,30978541,95174,1388,0.00448052088702305,0.00448052088702305,0.311904293506182,1.43650503706011,52.5599800535588,2.73307759172722
"830",162584,"111B",162584,91,30978541,95204,8,2.58243278790954e-05,2.58243278790954e-05,0.168524365402351,0.0153237947625199,81.0393322820759,0.018909083195777
"833",162585,"111C",162585,90,7419931,94918,2520,0.0339625799754742,0.0339625799754742,0.394265740916955,8.61413418687772,91.3858658131223,9.42611213477259
"846",162596,"111B",162596,91,30978541,95194,268,0.000865114983949696,0.000865114983949696,0.158759218526769,0.544922677232646,58.6565067506609,0.929006358235792
"891",163480,"111",163480,79,60797146,94484,952,0.00156586297652854,0.00156586297652854,0.138929791194295,1.12708941909994,98.8729105809001,1.1399375344349
"893",163486,"111",163486,79,60797146,94532,514,0.000845434422201332,0.000845434422201332,0.0157051132416968,5.38317940909028,94.6168205909097,5.68945286416385
"896",163492,"111",163492,79,60797146,94586,8,1.31585124078028e-05,1.31585124078028e-05,0.0417436004145877,0.0315222268254668,99.9684777731745,0.0315321664665034
"908",163517,"111",163517,79,60797146,94468,3416,0.00561868479813181,0.00561868479813181,0.56379638306325,0.996580497307212,99.0034195026928,1.00661219815757
"935",163586,"111",163586,79,60797146,94539,891,0.00146552931941904,0.00146552931941904,0.070096101258472,2.09074298442798,97.909257015572,2.13538846903461
"941",163635,"111",163635,79,60797146,94533,339,0.000557591963280645,0.000557591963280645,0.0795106482996709,0.701279608712425,99.2987203912876,0.706232271623467
"948",163674,"111",163674,79,60797146,94687,6,9.86888430585212e-06,9.86888430585212e-06,0.0326659219421693,0.0302115590777559,99.9697884409222,0.0302206892191331
"953",163680,"111",163680,79,60797146,94469,4947,0.00813689511017507,0.00813689511017507,0.511559907290413,1.59060453999882,98.4093954600012,1.61631369907696
"955",163681,"111",163681,79,60797146,94488,1568,0.00257906843192935,0.00257906843192935,0.327627200869845,0.787196064637482,99.2128039353625,0.793442008906776
"957",163685,"111",163685,79,60797146,94465,2396,0.00394097446613695,0.00394097446613695,0.175326519111543,2.2477914271655,97.7522085728345,2.29947891713433
"974",163724,"111",163724,79,60797146,94505,593,0.000975374732228385,0.000975374732228385,0.031414222748843,3.10488258782181,96.8951174121782,3.2043746586467
"999",163789,"111",163789,79,60797146,94491,1382,0.00227313301844794,0.00227313301844794,0.0796991077370244,2.85214362242094,97.1478563775791,2.93587911125458
"1005",163800,"111",163800,79,60797146,94516,244,0.000401334628437986,0.000401334628437986,0.0416178548323151,0.964332808730835,99.0356671912692,0.973722736545415
"1007",163803,"111",163803,79,60797146,94494,1010,0.00166126219148511,0.00166126219148511,0.183237139940379,0.906618708426492,99.0933812915735,0.914913485249683
"1013",164662,"111B",164662,91,30978541,96347,64,0.000206594623032763,0.000206594623032763,0.00211752993213974,9.7563968233498,90.2436031766502,10.8111782773698
"1015",164663,"111B",164663,91,30978541,96335,419,0.00135254917266762,0.00135254917266762,0.010515938964433,12.8618963769399,87.1381036230601,14.7603583761446
"1057",164700,"111B",164700,91,30978541,95633,2531,0.00817017173274881,0.00817017173274881,0.0714767286158786,11.4305339527442,88.5694660472558,12.9057275186072
"1085",164730,"111B",164730,91,30978541,96518,2337,0.00754393178168075,0.00754393178168075,0.136108929470814,5.54256933105803,94.457430668942,5.8677959921267
"1087",164731,"111B",164731,91,30978541,96565,31,0.000100069270531495,0.000100069270531495,0.111812437471731,0.0894974412455635,99.9105025587544,0.0895776109152616
"1116",164749,"111B",164749,91,30978541,96630,50,0.000161402049244346,0.000161402049244346,0.00261831887523904,6.16433891115005,93.8356610888499,6.56929235604067
"1120",164751,"111B",164751,91,30978541,96592,31,0.000100069270531495,0.000100069270531495,0.00271623070561843,3.68412264556559,96.3158773544344,3.82504187965638
"1181",165360,"111C",165360,90,7419931,82640,21,0.000283021499795618,0.000283021499795618,0.00675097871808317,4.19230324393583,95.8076967560642,4.37574786356658
"1199",165404,"111C",165404,90,7419931,82966,151,0.00203505935567325,0.00203505935567325,0.0173413868638899,11.735274529345,88.264725470655,13.2955430006369
"1256",165502,"111C",165502,90,7419931,83050,426,0.00574129328156825,0.00574129328156825,0.0760644486954444,7.54793254935154,92.4520674506485,8.16415766297566
"1259",165504,"111C",165504,90,7419931,82299,38,0.000512134142487309,0.000512134142487309,0.00747741861867913,6.84907678176478,93.1509232182352,7.35266655996384
"1263",165506,"111C",165506,90,7419931,82979,8,0.000107817714207854,0.000107817714207854,0.0229281114016303,0.470242456167534,99.5297575438325,0.47246418334782
"1268",165509,"111C",165509,90,7419931,82298,16,0.000215635428415709,0.000215635428415709,0.0163922856379648,1.31546895398341,98.6845310460166,1.3330042105282
"1273",165512,"111C",165512,90,7419931,82307,4,5.39088571039272e-05,5.39088571039272e-05,0.00491095821826679,1.09772583491767,98.9022741650823,1.10990959933379
"1275",165513,"111C",165513,90,7419931,82301,21,0.000283021499795618,0.000283021499795618,0.017689475526445,1.59994285513165,98.4000571448683,1.62595724185013
"1303",167958,"111",167958,79,60797146,84990,384,0.000631608595574536,0.000631608595574536,0.00749416308339867,8.42800708425598,66.1152180786133,12.747454109937
"1306",167961,"111",167961,79,60797146,84987,32,5.26340496312113e-05,5.26340496312113e-05,0.00437322332956124,1.20355274964867,86.2481064482402,1.39545411396475
"1307",167961,"111B",167961,91,30978541,85074,170,0.000548766967430777,0.000548766967430777,0.00437322332956124,12.5483408021111,86.2481064482402,14.5491203446208
"1322",167972,"111",167972,79,60797146,84976,325,0.00053456456656699,0.00053456456656699,0.00754322166994907,7.08668775699122,49.5202674420671,14.3106815109224
"1334",167978,"111",167978,79,60797146,84954,1999,0.00328798328789973,0.00328798328789973,0.151016090618292,2.17724036851836,96.8501754239908,2.24804999989606
"1335",167978,"111B",167978,91,30978541,85088,455,0.00146875864812355,0.00146875864812355,0.151016090618292,0.972584207490829,96.8501754239908,1.00421522545834
"1359",167990,"111",167990,79,60797146,84992,2063,0.00339325138716215,0.00339325138716215,0.0395513123066339,8.57936485357278,75.072843592507,11.4280536649728
"1374",167997,"111B",167997,91,30978541,85123,9,2.90523688639823e-05,2.90523688639823e-05,0.0231559194550325,0.125464112623126,99.8745358873769,0.125621722802903
"1378",167999,"111",167999,79,60797146,97688,64,0.000105268099262423,0.000105268099262423,0.0156629490834216,0.672083518255468,75.2355192503257,0.893306147086316
"1384",168003,"111",168003,79,60797146,84960,2273,0.00373866233786698,0.00373866233786698,0.052774350931197,7.08424124958192,89.4720649059202,7.91782469425624
"1385",168003,"111B",168003,91,30978541,85086,563,0.00181738707449134,0.00181738707449134,0.052774350931197,3.44369384449788,89.4720649059202,3.84890395468006
"1388",168004,"111B",168004,91,30978541,85079,866,0.00279548349291208,0.00279548349291208,0.0362971409488234,7.7016630506891,54.0885173456715,14.2389982729032
"1407",168072,"111B",168072,91,30978541,96795,50,0.000161402049244346,0.000161402049244346,0.00423351419603184,3.81248394999199,96.187516050008,3.96359538800219
"1411",168074,"111B",168074,91,30978541,96726,55,0.000177542254168781,0.000177542254168781,0.00204297910353512,8.69036075119742,91.3096392488026,9.51746258411746
"1442",168106,"111B",168106,91,30978541,96685,26,8.39290656070601e-05,8.39290656070601e-05,0.00278653757420122,3.0119481030547,96.9880518969453,3.10548365921923
"1444",168107,"111B",168107,91,30978541,96618,1460,0.00471293983793491,0.00471293983793491,0.0721371073275929,6.53330860153881,93.4666913984612,6.98998595519599
"1446",168108,"111B",168108,91,30978541,96617,147,0.000474522024778378,0.000474522024778378,0.0159485481825709,2.97533054009864,97.0246694599013,3.06657116861222
"1448",168109,"111B",168109,91,30978541,96648,54,0.000174314213183894,0.000174314213183894,0.0841553712024616,0.207133793949441,99.7928662060506,0.207563728575302
"1456",168116,"111B",168116,91,30978541,96620,120,0.000387364918186431,0.000387364918186431,0.00462327152004024,8.37858898200856,91.6214110179914,9.14479365566994
"1466",168125,"111B",168125,91,30978541,83788,20,6.45608196977385e-05,6.45608196977385e-05,0.00646619410520612,0.998436153436203,99.0015638465638,1.00850543632181
"1468",168126,"111B",168126,91,30978541,83779,176,0.000568135213340099,0.000568135213340099,0.00928109025367312,6.12142752426367,93.8785724757363,6.52058010984967
"1484",168142,"111B",168142,91,30978541,83757,1716,0.00553931833006596,0.00553931833006596,0.0706749132947696,7.83774336865852,92.1622566313415,8.50428760659615
"1497",168150,"111B",168150,91,30978541,83768,47,0.000151717926289685,0.000151717926289685,0.118611507707026,0.127911641309234,99.8720883586908,0.128075464738295
"1514",168166,"111B",168166,91,30978541,83789,440,0.00142033803335025,0.00142033803335025,0.0372048766193655,3.81761253472602,96.182387465274,3.96913887805534
"1516",168167,"111B",168167,91,30978541,83790,202,0.000652064278947159,0.000652064278947159,0.00579794007561381,11.246481861545,88.753518138455,12.6715899239066
"1518",168168,"111B",168168,91,30978541,83791,82,0.000264699360760728,0.000264699360760728,0.0175040657564901,1.51221644412861,98.4877835558714,1.53543555305084
"1523",168173,"111B",168173,91,30978541,83994,15,4.84206147733039e-05,4.84206147733039e-05,0.0104539183574582,0.463181489635021,99.536818510365,0.465336843759768
"1525",168174,"111B",168174,91,30978541,83793,25,8.07010246221731e-05,8.07010246221731e-05,0.0157822194811179,0.511341416324398,99.4886585836756,0.513969555529117
"1536",168180,"111B",168180,91,30978541,84010,7,2.25962868942085e-05,2.25962868942085e-05,0.0150006892335137,0.150634991115776,99.8493650088842,0.150862242441274
"1559",168195,"111B",168195,91,30978541,83981,2,6.45608196977385e-06,6.45608196977385e-06,0.0045199032882415,0.142836728090384,99.8571632719096,0.143041043236369
"1562",168197,"111B",168197,91,30978541,84029,1,3.22804098488693e-06,3.22804098488693e-06,0.00346111098127371,0.0932660351647836,99.9067339648352,0.0933531019016306
"1568",168200,"111B",168200,91,30978541,83774,137,0.000442241614929509,0.000442241614929509,0.00346333934170816,12.769225631566,87.230774368434,14.6384412198762
"1576",168207,"111B",168207,91,30978541,83792,247,0.000797326123267071,0.000797326123267071,0.0111027272545226,7.18135377902117,92.8186462209788,7.73697319601506
"1708",168436,"111B",168436,91,30978541,96307,5,1.61402049244346e-05,1.61402049244346e-05,0.055087475874998,0.0292992275795305,99.9707007724205,0.029307814542812
"1711",168438,"111B",168438,91,30978541,84158,37,0.000119437516440816,0.000119437516440816,0.0661240530621907,0.1806264300352,99.8193735699648,0.180953279483963
"1713",168439,"111B",168439,91,30978541,84145,65,0.00020982266401765,0.00020982266401765,0.0215031018226383,0.975778591146095,99.0242214088539,0.985393853406101
"1715",168440,"111B",168440,91,30978541,84098,974,0.00314411191927987,0.00314411191927987,0.0362851899943638,8.665000568464,91.334999431536,9.48705383740569
"1719",168443,"111B",168443,91,30978541,84130,1094,0.0035314768374663,0.0035314768374663,0.0581341783722112,6.07469983467485,93.9253001653252,6.46758628823363
"1721",168444,"111B",168444,91,30978541,84134,146,0.000471293983793491,0.000471293983793491,0.0152309943236579,3.09430870879811,96.9056912912019,3.19311349784369
"1725",168448,"111B",168448,91,30978541,84099,3350,0.0108139372993712,0.0108139372993712,0.143259953604381,7.54847187039748,92.4515281296025,8.16478864450538
"1727",168451,"111B",168451,91,30978541,84135,75,0.000242103073866519,0.000242103073866519,0.0624202981554284,0.387859528103623,99.6121404718964,0.389369735723178
"1731",168455,"111B",168455,91,30978541,84100,2423,0.00782154330638102,0.00782154330638102,0.153298318481111,5.10217162450139,94.8978283754986,5.37648933789375
"1733",168456,"111B",168456,91,30978541,84096,1423,0.00459350232149409,0.00459350232149409,0.046943468648084,9.78517875602611,90.2148212439739,10.8465312252445
"1735",168458,"111B",168458,91,30978541,84150,30,9.68412295466078e-05,9.68412295466078e-05,0.103150852542102,0.0938831111522626,99.9061168888477,0.0939713343645553
"1737",168459,"111B",168459,91,30978541,84159,24,7.74729836372862e-05,7.74729836372862e-05,0.0671604020252404,0.115355151698124,99.8846448483019,0.115488373486553
"1741",168461,"111B",168461,91,30978541,84127,110,0.000355084508337562,0.000355084508337562,0.0178583419705627,1.98833972897862,98.0116602710214,2.02867671405675
"1747",168466,"111B",168466,91,30978541,84119,227,0.000732765303569332,0.000732765303569332,0.0392517613199972,1.8668341978224,98.1331658021776,1.9023478785813
"1757",168475,"111B",168475,91,30978541,84120,832,0.00268573009942592,0.00268573009942592,0.0231008889850522,11.6260898061705,88.3739101938295,13.1555679506216
"1763",168478,"111B",168478,91,30978541,84140,127,0.00040996120508064,0.00040996120508064,0.00992368913684897,4.13113711470826,95.8688628852917,4.3091541824703
"1765",168479,"111B",168479,91,30978541,84128,9,2.90523688639823e-05,2.90523688639823e-05,0.0949160901579737,0.0306084761979017,99.9693915238021,0.0306178478545746
"1767",168480,"111B",168480,91,30978541,84136,9,2.90523688639823e-05,2.90523688639823e-05,0.0109987310123329,0.264142916409229,99.7358570835908,0.264842479057301
"1769",168481,"111B",168481,91,30978541,84133,233,0.000752133549478654,0.000752133549478654,0.019051614057165,3.94787311574679,96.0521268842532,4.11013607278487
"1772",168483,"111B",168483,91,30978541,84111,656,0.00211759488608582,0.00211759488608582,0.0448815971963156,4.71818076532191,95.2818192346781,4.95181641494595
"1774",168484,"111B",168484,91,30978541,84148,225,0.000726309221599558,0.000726309221599558,0.0362833555089116,2.00176971344662,97.9982302865534,2.04265904352896
"1777",168486,"111B",168486,91,30978541,84143,51,0.000164630090229233,0.000164630090229233,0.00540605265235124,3.04529202388791,96.9547079761121,3.14094290773195
"1867",169071,"111B",169071,91,30978541,83601,254,0.000819922410161279,0.000819922410161279,0.0582844770625926,1.40675948637362,98.5932405136264,1.42683157490822
"1870",169072,"111B",169072,91,30978541,83626,279,0.000900623434783452,0.000913535598723,0.00985398293775923,9.27072438112761,90.7292756188724,10.2180077134874
"1872",169073,"111B",169073,91,30978541,83620,1165,0.00376066774739327,0.00376066774739327,0.0426209022118759,8.82352918926571,91.1764708107343,9.67741908719164
"1875",169075,"111B",169075,91,30978541,83657,309,0.00099746466433006,0.00099746466433006,0.112154751656694,0.88936460524054,99.1106353947595,0.897345276516677
"1877",169076,"111B",169076,91,30978541,83691,420,0.00135577721365251,0.00135577721365251,0.0892679011245218,1.5187734858483,98.4812265141517,1.54219594902187
"1880",169077,"111B",169077,91,30978541,83623,637,0.00205626210737297,0.00250173176328737,0.0201778833725269,12.3983854852367,87.6016145147633,14.1531472381108
"1882",169078,"111B",169078,91,30978541,83651,169,0.00054553892644589,0.00054553892644589,0.03582504460934,1.52278645398717,98.4772135460128,1.54633381586864
"1885",169080,"111B",169080,91,30978541,83652,504,0.00162693265638301,0.00162693265638301,0.158997005207317,1.02324735881764,98.9767526411824,1.03382595560312
"1887",169081,"111B",169081,91,30978541,83679,36,0.000116209475455929,0.000116209475455929,0.0426709188708788,0.272338816531176,99.7276611834688,0.273082526251322
"1890",169083,"111B",169083,91,30978541,83621,422,0.00136223329562228,0.00136223329562228,0.177282027882816,0.768398980929258,99.2316010190707,0.774349071301978
"1896",169087,"111B",169087,91,30978541,83707,5,1.61402049244346e-05,1.61402049244346e-05,0.00498912185457665,0.323507931754138,99.6764920682459,0.32455790231125
"1900",169089,"111B",169089,91,30978541,83622,5701,0.0184030616548404,0.0184030616548404,0.257351872520746,7.15093365149571,92.8490663485043,7.70167534550648
"1902",169091,"111B",169091,91,30978541,83645,671,0.00216601550085913,0.00216601550085913,0.131181447941425,1.65115992760371,98.3488400723963,1.67888093686541
"1905",169095,"111B",169095,91,30978541,83608,3258,0.0105169575287616,0.0105169575287616,0.467048502566367,2.25179129597298,97.748208704027,2.30366502448265
"1908",169096,"111B",169096,91,30978541,83618,1058,0.00341526736201037,0.00408024380489707,0.0697527205945403,5.84958374400158,94.1504162559984,6.21301952409467
"1910",169097,"111B",169097,91,30978541,83810,5,1.61402049244346e-05,1.61402049244346e-05,0.165653282890733,0.00974336556618736,99.9902566344338,0.0097443149904188
"1920",169102,"111B",169102,91,30978541,83619,388,0.00125247990213613,0.00125247990213613,0.353710848128997,0.354097113153667,99.6459028868463,0.355355416424662
"1922",169103,"111B",169103,91,30978541,83670,83,0.000267927401745615,0.000267927401745615,0.0536103216016748,0.499768316512477,99.5002316834875,0.502278545543744
"1929",169106,"111B",169106,91,30978541,83709,45,0.000145261844319912,0.000145261844319912,0.00165581070770924,8.77285330041601,91.227146699584,9.61649423203544
"1934",169108,"111B",169108,91,30978541,83610,248,0.000800554164251958,0.000800554164251958,0.106625421675012,0.750809845978381,99.2491901540216,0.756489644714705
"1936",169109,"111B",169109,91,30978541,83615,475,0.00153331946782129,0.00153331946782129,0.0633566265634062,2.4201406403587,97.5798593596413,2.48016409968271
"1938",169110,"111B",169110,91,30978541,83677,46,0.000148489885304799,0.000148489885304799,0.00549910875080434,2.70025365988769,97.2997463401123,2.77519085244984
"1940",169111,"111B",169111,91,30978541,83656,77,0.000248559155836293,0.000248559155836293,0.0123647989847694,2.01021590518748,97.9897840948125,2.05145457126678
"1942",169112,"111B",169112,91,30978541,83743,48,0.000154945967274572,0.000154945967274572,0.00683866970317494,2.26573257665357,97.7342674233464,2.31825810576684
"1944",169113,"111B",169113,91,30978541,83738,656,0.00211759488608582,0.00211759488608582,0.0181421524067401,11.6722362298043,88.3277637701957,13.2146855434631
"1946",169114,"111B",169114,91,30978541,83625,736,0.00237583816487678,0.00388333330481897,0.0310004153102418,12.5267138067534,87.4732861932466,14.3206164440642
"1949",169115,"111B",2509154,91,30978541,83580,455,0.00146875864812355,0.0141097671449407,0.14223342977459,9.92014828532349,90.0798517146765,11.0126161361201
"1950",169115,"111B",169115,91,30978541,83627,3916,0.0126410084968172,0.0141097671449407,0.14223342977459,9.92014828532349,90.0798517146765,11.0126161361201
"1956",169119,"111B",169119,91,30978541,83614,357,0.00115241063160463,0.00115241063160463,0.204644271821628,0.563128701989322,99.4368712980107,0.566317800065968
"1958",169120,"111B",169120,91,30978541,83642,536,0.00173022996789939,0.00173022996789939,0.0249207948977048,6.94291644789687,93.0570835521031,7.46092203073342
"1961",169122,"111B",169122,91,30978541,83704,531,0.00171408976297496,0.00171408976297496,0.0134663419139829,12.7286962853299,87.2713037146701,14.5852024016346
"1965",169549,"111B",169549,91,30978541,84970,1565,0.00505188414134804,0.00505188414134804,0.0784454495489783,6.43999641839497,93.560003581605,6.8832793628293
"1969",169554,"111B",169554,91,30978541,85030,11,3.55084508337562e-05,3.55084508337562e-05,0.122039628245366,0.029095836610027,99.97090416339,0.0291043047509839
"1971",169555,"111B",169555,91,30978541,85025,190,0.000613327787128516,0.000613327787128516,0.121534584239834,0.504652886225527,99.4953471137745,0.50721254899332
"1976",169559,"111B",169559,91,30978541,84977,2343,0.00756330002759007,0.00756330002759007,0.137010967835692,5.52021502151582,94.4797849784842,5.84274723187922
"1980",169562,"111B",169562,91,30978541,84982,2401,0.00775052640471351,0.00775052640471351,0.130760162159514,5.92728417945723,94.0727158205428,6.30074738223182
"1982",169563,"111B",169563,91,30978541,85009,2486,0.0080249098884289,0.0080249098884289,0.0798897270487736,10.0449834852103,89.9550165147897,11.1666740493108
"1985",169565,"111B",169565,91,30978541,85016,3788,0.0122278192507517,0.0122278192507517,0.251467820258998,4.86257813749597,95.137421862504,5.11110984752513
"1987",169567,"111B",169567,91,30978541,84981,471,0.00152040730388174,0.00152040730388174,0.400041416172169,0.380062474138276,99.6199375258617,0.38151245983226
"1992",169572,"111B",169572,91,30978541,85110,733,0.00236615404192212,0.00236615404192212,0.17036466678827,1.38887604250873,98.6111239574913,1.40843749342867
"1995",169574,"111B",169574,91,30978541,85021,29,9.36131885617208e-05,9.36131885617208e-05,0.247263995729602,0.0378596116614134,99.9621403883386,0.0378739505920283
"1998",169577,"111B",169577,91,30978541,85083,591,0.00190777222206817,0.00190777222206817,0.0255897205170725,7.45522883219993,92.5447711678001,8.05580773297529
"2000",169578,"111B",169578,91,30978541,85115,1491,0.00481300910846641,0.00481300910846641,0.128031937778074,3.75922538703515,96.2407746129649,3.90606310283036
"2008",169584,"111B",169584,91,30978541,85082,1085,0.00350242446860231,0.00350242446860231,0.148105629216312,2.36481522487368,97.6351847751263,2.42209325492683
"2013",169589,"111B",169589,91,30978541,85090,195,0.000629467992052951,0.000629467992052951,0.0101841445375879,6.18086270996741,93.8191372900326,6.58806176277222
"2041",169847,"111B",2508740,91,30978541,83639,18,5.81047377279647e-05,5.81047377279647e-05,0.0636331025333276,0.0913121243735248,99.9086878756265,0.0913955796188583
"2049",169853,"111B",2508746,91,30978541,83636,11,3.55084508337562e-05,3.55084508337562e-05,0.198372394152242,0.017899895288104,99.9821001047119,0.0179030999242437
"2093",169962,"111B",169962,91,30978541,85132,166,0.00053585480349123,0.00053585480349123,0.0424399362246229,1.26261924771776,98.7373807522822,1.27876518305209
"2102",169971,"111B",169971,91,30978541,97622,30,9.68412295466078e-05,9.68412295466078e-05,0.0407588146997587,0.237595794333001,99.762404205667,0.238161656412351
"2106",169973,"111B",169973,91,30978541,85182,6712,0.021666611090561,0.021666611090561,0.167507373943216,12.9347207711022,87.0652792288978,14.8563478870795
"2128",169989,"111B",169989,91,30978541,85163,1904,0.00614619003522471,0.00614619003522471,0.204428477584944,3.00652340996417,96.9934765900358,3.09971713115501
"2138",169994,"111B",169994,91,30978541,85164,1672,0.00539728452673094,0.00539728452673094,0.0426832722841874,12.6449642632728,87.3550357367271,14.47536957272
"2157",170007,"111B",170007,91,30978541,85144,2115,0.00682730668303585,0.00682730668303585,0.0654338726749573,10.4339028150611,89.5660971849389,11.6493887117989
"2163",170010,"111B",170010,91,30978541,97681,767,0.00247590743540827,0.00247590743540827,0.0210210796256941,11.7782125347262,88.2217874652738,13.350684533979
"2257",170606,"111B",170606,91,30978541,97312,41,0.000132349680380364,0.000132349680380364,0.00188859022636916,7.00785583513306,92.9921441648669,7.53596542812127
"2259",170607,"111B",170607,91,30978541,97275,173,0.000558451090385438,0.000558451090385438,0.0085661800047385,6.51925467450513,93.4807453254949,6.97390104433318
"2261",170608,"111B",170608,91,30978541,97274,44,0.000142033803335025,0.000142033803335025,0.00335877490699844,4.22873837240712,95.7712616275929,4.41545647466836
"2263",170609,"111B",170609,91,30978541,97290,596,0.00192391242699261,0.00192391242699261,0.021638395032613,8.89119744829931,91.1088025517007,9.75887861466942
"2265",170610,"111B",170610,91,30978541,97277,42,0.000135577721365251,0.000135577721365251,0.00390285018789044,3.47381310678832,96.5261868932117,3.59882972548315
"2280",170626,"111B",170626,91,30978541,97288,75,0.000242103073866519,0.000242103073866519,0.0682759499240491,0.354594954937775,99.6454050450622,0.355856805215873
"2282",170627,"111B",170627,91,30978541,97374,33,0.000106525352501269,0.000106525352501269,0.0065400075598281,1.62882613707664,98.3711738629234,1.65579617800063
"2285",170629,"111B",170629,91,30978541,97289,487,0.00157205595963993,0.00157205595963993,0.0574441645211488,2.73666781081159,97.2633321891884,2.81366857295045
"2287",170630,"111B",170630,91,30978541,97283,167,0.000539082844476117,0.000539082844476117,0.0105259947575471,5.12144321646745,94.8785567835325,5.39789325437583
"2291",170633,"111B",170633,91,30978541,97384,3,9.68412295466078e-06,9.68412295466078e-06,0.140376982268811,0.00689865446467318,99.9931013455353,0.00689913041184136
"2296",170638,"111B",170638,91,30978541,97304,128,0.000413189246065526,0.000413189246065526,0.00601404964013861,6.87039966061876,93.1296003393812,7.377245940691
"2298",170639,"111B",170639,91,30978541,97327,15,4.84206147733039e-05,4.84206147733039e-05,0.00712798095041726,0.679303369497212,99.3206966305028,0.683949461233026
"2300",170640,"111B",170640,91,30978541,97303,132,0.000426101410005074,0.000426101410005074,0.0169556918337805,2.51302874681976,97.4869712531802,2.57780984937286
"2302",170641,"111B",170641,91,30978541,97369,4,1.29121639395477e-05,1.29121639395477e-05,0.0280263138262531,0.0460715740913901,99.9539284259086,0.0460928097743961
"2304",170642,"111B",170642,91,30978541,97371,39,0.00012589359841059,0.00012589359841059,0.00325163778259272,3.87169810501487,96.1283018949851,4.02763601217516
"2306",170643,"111B",170643,91,30978541,97282,1717,0.00554254637105085,0.00554254637105085,0.164677959159922,3.36568803701799,96.634311962982,3.4829119891776
"2308",170644,"111B",170644,91,30978541,97286,267,0.000861886942964809,0.000861886942964809,0.0161448195698466,5.33847367718213,94.6615263228179,5.63953898120836
"2314",170652,"111B",170652,91,30978541,97387,53,0.000171086172199007,0.000171086172199007,0.0354050933953525,0.483224744780549,99.5167752552195,0.485571144705279
"2319",170657,"111B",170657,91,30978541,97315,407,0.00131381268084898,0.00131381268084898,0.0841073598708959,1.56206624826373,98.4379337517363,1.58685395835645
"2321",170658,"111B",170658,91,30978541,97296,599,0.00193359654994727,0.00193359654994727,0.0385189080273978,5.01986335794342,94.9801366420566,5.28517175845023
"2323",170659,"111B",170659,91,30978541,97293,1182,0.00381554444413635,0.00381554444413635,0.0738968219826478,5.16334037346328,94.8366596265367,5.44445617738576
"2325",170660,"111B",170660,91,30978541,97305,445,0.00143647823827468,0.00143647823827468,0.0200771971940159,7.15477476459131,92.8452252354087,7.70613108692494
"2327",170662,"111B",170662,91,30978541,97332,49,0.000158174008259459,0.000158174008259459,0.046302711877219,0.341608518911138,99.6583914810889,0.34277948282555
"2330",170664,"111B",170664,91,30978541,97333,149,0.000480978106748152,0.000480978106748152,0.166240966633857,0.289325860218017,99.710674139782,0.290165383710492
"2334",170667,"111B",170667,91,30978541,97390,7,2.25962868942085e-05,2.25962868942085e-05,0.0128486120877813,0.175865585635486,99.8241344143645,0.176175417565333
"2339",170673,"111B",170673,91,30978541,97368,4,1.29121639395477e-05,1.29121639395477e-05,0.00383933262812757,0.336312718646754,99.6636872813532,0.337447597837048
"2341",170674,"111B",170674,91,30978541,97330,57,0.000183998336138555,0.000183998336138555,0.0155988764962682,1.17956146510022,98.8204385348998,1.19364119668791
"2345",170677,"111B",170677,91,30978541,97309,23,7.42449426523993e-05,7.42449426523993e-05,0.00430560169853214,1.724380187738,98.275619812262,1.7546367970328
"2355",170686,"111B",170686,91,30978541,97391,10,3.22804098488693e-05,3.22804098488693e-05,0.00204331233038526,1.5798079113428,98.4201920886572,1.60516645803709
"2357",170687,"111B",170687,91,30978541,97307,32,0.000103297311516382,0.000103297311516382,0.00635933552585471,1.62434127113458,98.3756587288654,1.65116177327102
"2362",170691,"111B",170691,91,30978541,97376,35,0.000112981434471042,0.000112981434471042,0.00179642444487481,6.28923942742918,93.7107605725708,6.71133110968479
"2364",170692,"111B",170692,91,30978541,97331,207,0.000668204483871594,0.000668204483871594,0.123937181459194,0.53914771661287,99.4608522833871,0.542070276129056
"2367",170694,"111B",170694,91,30978541,97353,227,0.000732765303569332,0.000732765303569332,0.314690336897898,0.232852813592137,99.7671471864079,0.233396283404865
"2372",170699,"111B",170699,91,30978541,97278,37,0.000119437516440816,0.000119437516440816,0.00193027621411838,6.18758681100813,93.8124131889919,6.59570157154234
"2374",170700,"111B",170700,91,30978541,97287,19,6.13327787128516e-05,6.13327787128516e-05,0.0279518885997266,0.219422664390024,99.78057733561,0.219905186208735
"2587",171796,"111B",171796,91,30978541,96800,63,0.000203366582047876,0.000203366582047876,0.00336550953402252,6.04266842782669,93.9573315721733,6.43128995546773
"2616",171838,"111B",171838,91,30978541,96740,300,0.000968412295466078,0.000968412295466078,0.0147635452888289,6.55948335254437,93.4405166474556,7.01995621160019
"2685",172107,"111B",172107,91,30978541,84875,73,0.000235646991896746,0.000235646991896746,0.0284097647951674,0.829457736083863,98.3966388535741,0.842973648031001
"2690",172110,"111",172110,79,60797146,84827,1552,0.00255275140711375,0.00255275140711375,0.0275497241345238,9.2659781079796,85.8286254038404,10.7959064524002
"2691",172110,"111B",172110,91,30978541,84904,18,5.81047377279647e-05,5.81047377279647e-05,0.0275497241345238,0.210908600914631,85.8286254038404,0.245732236677758
"2694",172113,"111",172113,79,60797146,84913,26,4.27651653253592e-05,4.27651653253592e-05,0.0621655475613502,0.068792389036958,99.1640313981938,0.0693723198492423
"2695",172113,"111B",172113,91,30978541,84972,101,0.000326032139473579,0.000326032139473579,0.0621655475613502,0.524457922858032,99.1640313981938,0.528879186801178
"2698",172114,"111",172114,79,60797146,84825,395,0.000649701550135265,0.000649701550135265,0.0135040291298033,4.81116816240702,93.0587046249101,5.17003560472855
"2699",172114,"111B",172114,91,30978541,85043,21,6.77888606826254e-05,6.77888606826254e-05,0.0135040291298033,0.501989887840334,93.0587046249101,0.539433564934839
"2702",172115,"111",172115,79,60797146,84838,31,5.0989235580236e-05,5.0989235580236e-05,0.00512271835077477,0.995355045676565,96.9881899309713,1.02626417338542
"2703",172115,"111B",172115,91,30978541,84978,32,0.000103297311516382,0.000103297311516382,0.00512271835077477,2.01645502335218,96.9881899309713,2.07907274564804
"2708",172118,"111B",172118,91,30978541,84975,146,0.000471293983793491,0.000471293983793491,0.00697936625865684,6.75267590676908,50.8481677024509,13.2800771628268
"2711",172119,"111B",172119,91,30978541,84885,125,0.000403505123110866,0.000403505123110866,0.0384311177743398,1.04994376036672,98.9500562396333,1.06108455140643
"2713",172120,"111B",172120,91,30978541,84882,224,0.000723081180614671,0.000723081180614671,0.0178032029672518,4.06152298518837,95.9384770148116,4.23346618746233
"2720",172123,"111",172123,79,60797146,84949,27,4.44099793763345e-05,4.44099793763345e-05,0.0833716829637221,0.0532674618019392,97.2873538068519,0.0547527090804557
"2721",172123,"111B",172123,91,30978541,84870,166,0.00053585480349123,0.00053585480349123,0.0833716829637221,0.642729982702159,97.2873538068519,0.660651109884429
"2724",172124,"111",172124,79,60797146,84817,34,5.5923677733162e-05,5.5923677733162e-05,0.0378750419481307,0.147653111011068,96.1743274588137,0.153526533444489
"2725",172124,"111B",172124,91,30978541,84916,95,0.000306663893564258,0.000306663893564258,0.0378750419481307,0.809672749628183,96.1743274588137,0.841880334411408
"2740",172130,"111B",172130,91,30978541,84909,98,0.000316348016518919,0.000316348016518919,0.12769810486214,0.247731175697901,94.0232320120972,0.263478685423224
"2743",172131,"111B",172131,91,30978541,84891,511,0.00164952894327722,0.00164952894327722,0.0177514338454906,9.29237016927651,90.7076298307235,10.2443093118161
"2745",172132,"111B",172132,91,30978541,85051,162,0.000522942639551682,0.000522942639551682,0.014140631639926,3.69815615644182,96.3018438435582,3.84017170268251
"2750",172136,"111",172136,79,60797146,84863,205,0.000337186880449947,0.000337186880449947,0.121946340986882,0.276504303221546,98.5698954278046,0.280515975005843
"2751",172136,"111B",172136,91,30978541,84880,150,0.000484206147733039,0.000484206147733039,0.121946340986882,0.397064925289663,98.5698954278046,0.402825754827431
"2754",172137,"111B",172137,91,30978541,84984,12,3.87364918186431e-05,3.87364918186431e-05,0.0149303823649309,0.259447419843908,99.7405525801561,0.260122300440841
"2758",172140,"111B",172140,91,30978541,84905,589,0.0019013161400984,0.0019013161400984,0.044965469753684,4.22839158695239,77.4978455829497,5.45614081932967
"2765",172144,"111B",172144,91,30978541,84895,903,0.00291492100935289,0.00291492100935289,0.0521009069275406,5.59476059295249,65.8275277246027,8.49912002826361
"2768",172145,"111",172145,79,60797146,84794,577,0.000949057707412779,0.000949057707412779,0.042707660533184,2.22221890771881,96.0516469177454,2.31356668941015
"2771",172146,"111B",172146,91,30978541,84879,77,0.000248559155836293,0.000248559155836293,0.00244613476130932,10.1613026300828,89.8386973699172,11.3106077086613
"2777",172149,"111",172149,79,60797146,84760,1215,0.00199844907193505,0.00199844907193505,0.0574752032472265,3.47706307942719,57.7644343943209,6.01938392695323
"2778",172149,"111B",172149,91,30978541,84920,373,0.00120405928736282,0.00120405928736282,0.0574752032472265,2.09491958155176,57.7644343943209,3.62665990503964
"2781",172150,"111B",172150,91,30978541,85027,129,0.000416417287050413,0.000416417287050413,0.0131241370926118,3.1729117435449,96.8270882564551,3.27688439328173
"2783",172151,"111",172151,79,60797146,84946,38,6.25029339370634e-05,6.25029339370634e-05,0.151491829404603,0.041258287118661,97.7924257326342,0.0421896550878713
"2784",172151,"111B",172151,91,30978541,84868,616,0.00198847324669035,0.00198847324669035,0.151491829404603,1.31259438512657,97.7924257326342,1.34222499881046
"2787",172154,"111B",172154,91,30978541,85041,13,4.196453280353e-05,4.196453280353e-05,0.0141737861282471,0.296071440783903,99.7039285592161,0.296950626783036
"2789",172155,"111",172155,79,60797146,84800,1755,0.00288664865946175,0.00288664865946175,0.0604534102923111,4.77499721769855,81.2001969397952,5.88052418301264
"2790",172155,"111B",172155,91,30978541,84947,1494,0.00482269323142107,0.00482269323142107,0.0604534102923111,7.97753709526367,81.2001969397952,9.82452924489642
"2793",172156,"111B",172156,91,30978541,84900,554,0.00178833470562736,0.00178833470562736,0.0949755251762176,1.88294268687568,95.7294754949062,1.96694140142434
"2800",172158,"111B",172158,91,30978541,84881,1009,0.00325709335375091,0.00325709335375091,0.0438189702125336,7.43306686111778,92.5669331388822,8.02993748314598
"2802",172159,"111B",172159,91,30978541,84883,663,0.00214019117298003,0.00214019117298003,0.0359409969143033,5.95473514016054,94.0452648598395,6.33177560724103
"2812",172165,"111",172165,79,60797146,84837,482,0.00079280037257012,0.00079280037257012,0.0105158212191454,7.53911992271916,92.4608800772808,8.15384832636008
"2814",172166,"111",172166,79,60797146,84830,125,0.000205601756371919,0.000205601756371919,0.0111209410832846,1.84878019613782,83.4204216319524,2.21622015325523
"2818",172168,"111",172168,79,60797146,84793,1693,0.00278467018830127,0.00278467018830127,0.0347459869284378,8.01436492230463,64.2551735275662,12.4727153975646
"2821",172169,"111",172169,79,60797146,84779,389,0.000639832665829412,0.000639832665829412,0.0122123384536573,5.23923135816627,76.1888073465152,6.87664178064589
"2822",172169,"111B",172169,91,30978541,84952,119,0.000384136877201544,0.000384136877201544,0.0122123384536573,3.1454817491281,76.1888073465152,4.12853522541979
"2825",172170,"111",172170,79,60797146,84761,1013,0.00166619663363803,0.00166619663363803,0.0475650520132539,3.50298499237161,67.5038955702697,5.18930790997847
"2826",172170,"111B",172170,91,30978541,84927,299,0.000965184254481191,0.000965184254481191,0.0475650520132539,2.029187846178,67.5038955702697,3.00603073205704
"2835",172173,"111",172173,79,60797146,84819,146,0.000240142851442402,0.000240142851442402,0.0283820758119767,0.846107427213148,97.2742992919902,0.869816008310037
"2836",172173,"111B",172173,91,30978541,85031,5,1.61402049244346e-05,1.61402049244346e-05,0.0283820758119767,0.0568675985201327,97.2742992919902,0.0584610723840139
"2841",172175,"111B",172175,91,30978541,84907,402,0.00129767247592454,0.00129767247592454,0.0321501780260542,4.0362839511275,95.9637160488725,4.20605215941398
"2843",172176,"111",172176,79,60797146,84852,248,0.000407913884641888,0.000407913884641888,0.0128164236290127,3.18274345831148,86.8332974525628,3.6653490673324
"2844",172176,"111B",172176,91,30978541,84919,152,0.000490662229702813,0.000490662229702813,0.0128164236290127,3.82838648210797,86.8332974525628,4.40889220428306
"2848",172177,"111B",172177,91,30978541,84931,274,0.000884483229859018,0.000884483229859018,0.0146037286080925,6.05655756550344,54.7711439801241,11.0579351194514
"2851",172178,"111",172178,79,60797146,84848,408,0.000671084132797944,0.000671084132797944,0.018237457589733,3.67970222546665,95.1509411862875,3.86722630337675
"2852",172178,"111B",172178,91,30978541,84878,26,8.39290656070601e-05,8.39290656070601e-05,0.018237457589733,0.460201566989846,95.1509411862875,0.483654245824914
"2855",172179,"111B",172179,91,30978541,85013,194,0.000626239951068064,0.000626239951068064,0.0207957071540948,3.01139050683714,96.9886094931629,3.10489089654329
"2857",172180,"111B",172180,91,30978541,84991,717,0.00231450538616393,0.00231450538616393,0.0204820403606024,11.3001700290364,88.6998299709636,12.7397877005351
"2859",172181,"111B",172181,91,30978541,85006,104,0.00033571626242824,0.00033571626242824,0.00434413056557884,7.72804263960947,92.2719573603905,8.37528850658897
"2869",172187,"111",172187,79,60797146,84890,82,0.000134874752179979,0.000134874752179979,0.0210046442004007,0.642118718570849,96.1971351575375,0.667502953720276
"2872",172188,"111",172188,79,60797146,84833,38,6.25029339370634e-05,6.25029339370634e-05,0.00555758765722731,1.12464144143156,91.1182851528774,1.23426537225173
"2875",172189,"111",172189,79,60797146,84849,291,0.000478640888833828,0.000478640888833828,0.01055544639152,4.53453952661212,89.8292564639178,5.04795397970764
"2879",172193,"111",172193,79,60797146,84956,4,6.57925620390141e-06,6.57925620390141e-06,0.0514061892252076,0.0127985682328602,99.9872014317671,0.01280020647602
"2881",172194,"111B",172194,91,30978541,84871,4,1.29121639395477e-05,1.29121639395477e-05,0.0344076374932426,0.0375270285327888,99.1355342960079,0.0378542656770651
"2886",172196,"111",172196,79,60797146,84783,471,0.000774707418009391,0.000774707418009391,0.0780520240642465,0.992552630501562,93.1921861853221,1.06505992737178
"2887",172196,"111B",172196,91,30978541,84873,733,0.00236615404192212,0.00236615404192212,0.0780520240642465,3.03150888178694,93.1921861853221,3.25296465924566
"2890",172197,"111",172197,79,60797146,84784,509,0.000837210351946455,0.000837210351946455,0.0370060590788118,2.26236019934856,88.7689441958231,2.54859424074914
"2891",172197,"111B",172197,91,30978541,84876,311,0.00100392074629983,0.00100392074629983,0.0370060590788118,2.71285506019915,88.7689441958231,3.05608575699022
"2990",175596,"111",175596,79,60797146,94615,474,0.000779641860162318,0.000779641860162318,0.133202946067783,0.585303766303774,95.2530926063949,0.614472192228307
"2993",175597,"111",175597,79,60797146,94684,202,0.000332252438297021,0.000332252438297021,0.017325252003618,1.91773509688423,78.5649944002665,2.44095364802537
"3014",184924,"111",184924,79,60797146,95153,1584,0.00260538545674496,0.00260538545674496,0.0860017123619091,3.02945765286751,96.7041376019252,3.13270737735962
"3015",184924,"111C",184924,90,7419931,95084,17,0.000229112642691691,0.000229112642691691,0.0860017123619091,0.266404745207337,96.7041376019252,0.275484329640548
"3017",184925,"111",184925,79,60797146,95253,713,0.00117275241834543,0.00117275241834543,0.188107726336958,0.623447234827914,99.0254861118331,0.629582604748672
"3018",184925,"111C",184925,90,7419931,95094,49,0.000660383499523109,0.000660383499523109,0.188107726336958,0.351066653338928,99.0254861118331,0.354521514736575
"3020",184926,"111",184926,79,60797146,95129,372,0.000611870826962831,0.000611870826962831,0.104564682394214,0.585160125725861,52.6252886049778,1.11193713371961
"3035",184932,"111C",184932,90,7419931,95088,889,0.0119812434913478,0.0119812434913478,0.11752607684563,10.1945404908608,89.8054595091393,11.3518048307779
"3037",184933,"111",184933,79,60797146,95124,1516,0.00249353810127864,0.00249353810127864,0.772843208196407,0.322644758320104,50.5723268513772,0.63798677736996
"3042",184935,"111",184935,79,60797146,95156,2230,0.00366793533367504,0.00366793533367504,0.0429555136939201,8.5389162374147,90.1747162213831,9.46930203412148
"3043",184935,"111C",184935,90,7419931,95177,41,0.000552565785315254,0.000552565785315254,0.0429555136939201,1.2863675412022,90.1747162213831,1.42652796161189
"3045",184936,"111",184936,79,60797146,95183,559,0.000919451054495223,0.000919451054495223,0.275039522303429,0.334297793566143,89.2039866543405,0.374756562015019
"3046",184936,"111C",184936,90,7419931,95081,2135,0.0287738524792212,0.0287738524792212,0.275039522303429,10.4617155520934,89.2039866543405,11.7278565055975
"3050",184939,"111",184939,79,60797146,95212,7,1.15136983568275e-05,1.15136983568275e-05,0.027604834836667,0.0417089920115517,53.3623739855952,0.0781617999656663
"3055",184943,"111",184943,79,60797146,95257,132,0.000217115454728747,0.000217115454728747,0.0489386429602318,0.443648294263446,56.0171882114771,0.791986010773295
"3063",184947,"111",184947,79,60797146,95266,436,0.000717138926225254,0.000717138926225254,0.34837055146314,0.205855208832464,93.507599299165,0.220148106009927
"3064",184947,"111C",184947,90,7419931,95107,1625,0.0219004731984704,0.0219004731984704,0.34837055146314,6.28654549200254,93.507599299165,6.72303164568431
"3066",184948,"111",184948,79,60797146,95123,379,0.000623384525319659,0.000623384525319659,0.246717331177928,0.25267155831468,53.1293847074113,0.475577798813532
"3072",184951,"111",184951,79,60797146,95275,209,0.000343766136653849,0.000343766136653849,0.0580779312043336,0.5919049276125,52.2817585512091,1.13214425837023
"3075",184952,"111",184952,79,60797146,95238,113,0.000185863987760215,0.000185863987760215,0.0352937384883314,0.526620289379841,81.3351006410684,0.647469893353689
"3078",184953,"111",184953,79,60797146,95165,60,9.86888430585212e-05,9.86888430585212e-05,0.00316774387905419,3.11542999770509,91.7791518407714,3.39448549612889
"3079",184953,"111C",184953,90,7419931,95083,12,0.000161726571311782,0.000161726571311782,0.00316774387905419,5.1054181615235,91.7791518407714,5.56272100921236
"3090",184958,"111",184958,79,60797146,95324,6,9.86888430585212e-06,9.86888430585212e-06,0.170310875780642,0.00579462953297421,99.6222801671776,0.00581659998471241
"3091",184958,"111C",184958,90,7419931,95109,47,0.000633429070971145,0.000633429070971145,0.170310875780642,0.37192520328942,99.6222801671776,0.373335365005987
"3093",184960,"111",184960,79,60797146,95121,320,0.000526340496312113,0.000526340496312113,0.114854668348085,0.458266524018819,53.0041111160844,0.864586754440932
"3096",184961,"111",184961,79,60797146,95328,7,1.15136983568275e-05,1.15136983568275e-05,0.00216678268932063,0.531373008173582,82.674843875274,0.642726352135879
"3099",184962,"111",184962,79,60797146,95171,113,0.000185863987760215,0.000185863987760215,0.0284619634972506,0.653025880586803,87.6511122844099,0.745028629491737
"3100",184962,"111C",184962,90,7419931,95075,247,0.00332887192616751,0.00332887192616751,0.0284619634972506,11.6958618350033,87.6511122844099,13.3436547810741
"3102",184964,"111",184964,79,60797146,95157,445,0.000731942252684032,0.000731942252684032,0.69593779753123,0.105173516265466,97.493498985573,0.107877466046253
"3103",184964,"111C",184964,90,7419931,95101,1240,0.0167117457022174,0.0167117457022174,0.69593779753123,2.40132749816157,97.493498985573,2.46306422802296
"3110",184968,"111",184968,79,60797146,95133,4221,0.00694276010916697,0.00694276010916697,1.32533592263802,0.52384908539623,85.1857895816528,0.614948911043558
"3113",184969,"111",184969,79,60797146,95330,42,6.90821901409648e-05,6.90821901409648e-05,0.0174187998319611,0.396595579531309,88.8487439247199,0.446371622166474
"3114",184969,"111C",184969,90,7419931,95090,139,0.00187333278436147,0.00187333278436147,0.0174187998319611,10.7546604957488,88.8487439247199,12.1044598051504
"3120",184972,"111C",184972,90,7419931,95286,8,0.000107817714207854,0.000107817714207854,0.00213413755322996,5.05205084108451,94.9479491589155,5.32086357402921
"3122",184973,"111",184973,79,60797146,95150,1074,0.00176653029074753,0.00176653029074753,0.308385685845554,0.572831480781584,87.7192784638292,0.653028035356891
"3123",184973,"111C",184973,90,7419931,95086,2679,0.0361054570453553,0.0361054570453553,0.308385685845554,11.7078900553892,87.7192784638292,13.3469976730564
"3125",184974,"111",184974,79,60797146,95155,116,0.000190798429913141,0.000190798429913141,0.0545053833542292,0.350054284864206,74.676290672151,0.468762282798751
"3128",184976,"111",184976,79,60797146,95122,2394,0.003937684838035,0.003937684838035,0.210857741185131,1.86746040999166,79.9292210671677,2.33639260468003
"3134",184978,"111",184978,79,60797146,95151,644,0.00105926024882813,0.00105926024882813,0.0142307558490194,7.44345739654524,90.2836264909501,8.24452637299784
"3135",184978,"111C",184978,90,7419931,95295,24,0.000323453142623563,0.000323453142623563,0.0142307558490194,2.27291611250468,90.2836264909501,2.51752859388354
"3150",184985,"111",184985,79,60797146,95251,50,8.22407025487677e-05,8.22407025487677e-05,0.0169535558839719,0.485094118966033,99.514905881034,0.487458752707803
"3152",184986,"111",184986,79,60797146,95263,32,5.26340496312113e-05,5.26340496312113e-05,0.00254882515567293,2.06503178588235,97.9349682141177,2.1085745199483
"3154",184987,"111",184987,79,60797146,95149,7761,0.0127654018496197,0.0127654018496197,0.178762110401394,7.14099974595072,92.8590002540493,7.69015359460466
"3158",184990,"111",184990,79,60797146,95130,732,0.00120400388531396,0.00120400388531396,0.0203161218090289,5.92634704906562,64.6861252506103,9.16169739044574
"3174",184998,"111",184998,79,60797146,95319,24,3.94755372234085e-05,3.94755372234085e-05,0.0754003383715791,0.0523545889527309,63.0374032543719,0.0830532132509755
"3177",184999,"111",184999,79,60797146,95318,523,0.00086023774866011,0.00086023774866011,0.107252721016237,0.802066129893228,98.5445097558179,0.813912547620011
"3178",184999,"111C",184999,90,7419931,95085,52,0.000700815142351054,0.000700815142351054,0.107252721016237,0.653424114288868,98.5445097558179,0.663075107794415
"3180",185000,"111",185000,79,60797146,95120,1539,0.00253136882445107,0.00253136882445107,1.17343236458027,0.215723453763483,95.7265226036754,0.225353901819474
"3181",185000,"111C",185000,90,7419931,95096,3533,0.0476149980370437,0.0476149980370437,1.17343236458027,4.05775394256109,95.7265226036754,4.23890248198078
"3187",185003,"111",185003,79,60797146,95426,1,1.64481405097535e-06,1.64481405097535e-06,0.0184686776243105,0.00890596546452392,94.3721454538065,0.00943707003978544
"3188",185003,"111C",185003,90,7419931,95289,77,0.0010377454992506,0.0010377454992506,0.0184686776243105,5.61894858072893,94.3721454538065,5.95403289149478
"3190",185004,"111",185004,79,60797146,95321,2113,0.00347549208971092,0.00347549208971092,0.0685281643458372,5.07162583864257,93.5713732932914,5.42006135011612
"3191",185004,"111C",185004,90,7419931,95093,69,0.000929927785042745,0.000929927785042745,0.0685281643458372,1.35700086806606,93.5713732932914,1.45023079207425
"3193",185005,"111",185005,79,60797146,95198,28,4.60547934273099e-05,4.60547934273099e-05,0.000486559106258202,9.46540571020986,90.5345942897901,10.455015328077
"3195",185006,"111C",185006,90,7419931,95092,43,0.000579520213867218,0.000579520213867218,0.0828804093277722,0.69922460394151,99.3007753960585,0.704148181273179
"3198",185008,"111",185008,79,60797146,95260,22,3.61859091214578e-05,3.61859091214578e-05,0.0143042045937651,0.25297393423211,83.3529982213746,0.303497102240095
"4561",186957,"111C",186957,90,7419931,83646,16,0.000215635428415709,0.000215635428415709,0.0486780144187608,0.442983205026953,99.557016794973,0.444954277747423
"4564",186959,"111C",186959,90,7419931,83599,32,0.000431270856831418,0.000431270856831418,0.132858167601503,0.324609969125104,99.6753900308749,0.325667117053221
"4566",186961,"111C",186961,90,7419931,83604,667,0.00898930192207987,0.00898930192207987,0.694041382492015,1.29521122930783,98.7047887706922,1.31220708279597
"4572",186972,"111C",186972,90,7419931,83594,339,0.00456877563955783,0.00456877563955783,0.389389255770645,1.17331836249968,98.8266816375003,1.18724856795603
"4574",186973,"111C",186973,90,7419931,83612,308,0.0041509819970024,0.0041509819970024,0.0368259234144191,11.2719019976484,88.7280980023516,12.7038697452409
"4584",186979,"111C",186979,90,7419931,83629,66,0.0008894961422148,0.0008894961422148,0.00853860559802499,10.417346626486,89.582653373514,11.6287542668009
"4587",186981,"111C",186981,90,7419931,83672,57,0.000768201213730963,0.000768201213730963,0.0201450442132727,3.81335084499257,96.1866491550074,3.96453237376764
"4589",186982,"111C",186982,90,7419931,83687,27,0.000363884785451509,0.000363884785451509,0.00493713326574509,7.37036587560277,92.6296341243972,7.95681203458573
"4591",186983,"111C",186983,90,7419931,82784,10,0.000134772142759818,0.000134772142759818,0.0276148060075026,0.488043054596154,99.5119569454039,0.490436596341798
"4593",186984,"111C",186984,90,7419931,82785,7,9.43404999318727e-05,9.43404999318727e-05,0.0135762337739888,0.694894486220639,99.3051055137794,0.699757059443653
"4596",186989,"111C",186989,90,7419931,82780,954,0.0128572624192866,0.0128572624192866,0.309556217607695,4.15344990278336,95.8465500972166,4.33343703927844
"4601",186993,"111C",186993,90,7419931,83643,37,0.000498656928211327,0.000498656928211327,0.0783168584625686,0.636717225384697,99.3632827746153,0.640797292123445
"4603",186994,"111C",186994,90,7419931,83592,2,2.69544285519636e-05,2.69544285519636e-05,0.197111800431842,0.0136746904512619,99.9863253095487,0.0136765606785991
"4605",186995,"111C",186995,90,7419931,82783,146,0.00196767328429334,0.00196767328429334,0.101952075047308,1.92999826965788,98.0700017303421,1.96798025451728
"5046",187240,"111B",2508719,91,30978541,73944,1491,0.00481300910846641,0.00481300910846641,0.167274359304378,2.87731432867633,97.1226856713237,2.96255638812703
"6856",188455,"111B",188455,91,30978541,73410,692,0.00223380436154175,0.00223380436154175,0.0974529809067582,2.29218679691187,97.7078132030881,2.34596059595306
"6858",188456,"111B",188456,91,30978541,83425,1026,0.00331197005049399,0.00331197005049399,0.0543240764736514,6.09668910266773,93.5948331948705,6.51391630772398
"6895",188477,"111B",188477,91,30978541,83431,4,1.29121639395477e-05,1.29121639395477e-05,0.000569702463549759,2.26647500505673,97.7335249949433,2.31903536189244
"6927",188494,"111B",188494,91,30978541,74137,654,0.00211113880411605,0.00211113880411605,0.0165387003878738,12.7648409766462,87.2351590233538,14.632679208195
"6929",188495,"111B",188495,91,30978541,74096,2016,0.00650773062553204,0.00650773062553204,0.188724512040831,3.44826994392975,96.5517300560703,3.57142222301686
"6953",188503,"111B",188503,91,30978541,84209,20,6.45608196977385e-05,6.45608196977385e-05,0.0194787535910299,0.331442252688434,99.6685577473116,0.332544445489755
"6968",188511,"111B",188511,91,30978541,74110,467,0.00150749513994219,0.00150749513994219,0.0411958015717046,3.65934168635675,96.3406583136432,3.79833577059804
"6977",188514,"111B",188514,91,30978541,73566,31,0.000100069270531495,0.000100069270531495,0.00101904355144155,9.81992088463102,90.180079115369,10.8892351625332
"6979",188520,"111B",188520,91,30978541,73385,242,0.000781185918342636,0.000781185918342636,0.031853328075231,2.45244677886605,97.547553221134,2.51410383744481
"7027",188548,"111B",188548,91,30978541,83497,13,4.196453280353e-05,4.196453280353e-05,0.000523074597515266,8.02266693945222,91.9773330605478,8.72243918419659
"7038",188553,"111B",188553,91,30978541,73588,307,0.000991008582360286,0.000991008582360286,0.0318431085017046,3.11216030403324,96.7605186369089,3.2163534754413
"7054",188560,"111B",188560,91,30978541,73585,99,0.000319576057503806,0.000319576057503806,0.00248457134870662,12.862422231109,87.137577768891,14.7610509271019
"7094",188578,"111B",188578,91,30978541,84197,329,0.0010620254840278,0.0010620254840278,0.201191550499217,0.527867836095795,99.4721321639042,0.530669067418809
"7101",188608,"111B",188608,91,30978541,83666,662,0.00213696313199514,0.00213696313199514,0.344779844739311,0.619805120456188,98.8759424796055,0.626851289517701
"7102",188608,"111C",188608,90,7419931,83548,129,0.00173856064160165,0.00173856064160165,0.344779844739311,0.504252399938338,98.8759424796055,0.5099849238275
"7104",188609,"111B",188609,91,30978541,83565,526,0.00169794955805052,0.00169794955805052,0.174638097763195,0.972267552039475,99.0277324479605,0.981813405199807
"7106",188610,"111B",188610,91,30978541,83685,34,0.000109753393486155,0.000109753393486155,0.0251031509687076,0.437209630069821,99.5627903699302,0.439129546736636
"7112",188615,"111B",188615,91,30978541,83471,933,0.0030117622388995,0.0030117622388995,0.456129893090963,0.660286090545459,98.6099060243345,0.669594077477892
"7113",188615,"111C",188615,90,7419931,83562,247,0.00332887192616751,0.00332887192616751,0.456129893090963,0.729807885120051,98.6099060243345,0.740095913832382
"7115",188619,"111B",188619,91,30978541,83472,4114,0.0132801606118248,0.0132801606118248,0.157905714018814,8.4101836936962,91.1118576686797,9.23061378495771
"7116",188619,"111C",188619,90,7419931,83574,56,0.000754723999454981,0.000754723999454981,0.157905714018814,0.477958637624133,91.1118576686797,0.524584450206457
"7118",188620,"111B",188620,91,30978541,83499,631,0.00203689386146365,0.00203689386146365,0.113984536780279,1.78699139286766,96.6049824719148,1.84979216096558
"7119",188620,"111C",188620,90,7419931,83557,136,0.00183290114153353,0.00183290114153353,0.113984536780279,1.60802613521753,96.6049824719148,1.66453747422916
"7121",188623,"111B",188623,91,30978541,83517,46,0.000148489885304799,0.000148489885304799,0.0158656529543989,0.935920417089601,99.0640795829104,0.944762643563749
"7124",188627,"111B",188627,91,30978541,83507,329,0.0010620254840278,0.0010620254840278,0.0422243293945132,2.5151979895406,95.4739601295764,2.63443350011563
"7125",188627,"111C",188627,90,7419931,83550,63,0.000849064499386854,0.000849064499386854,0.0422243293945132,2.01084188088298,95.4739601295764,2.10616787881626
"7127",188628,"111B",188628,91,30978541,83473,125,0.000403505123110866,0.000403505123110866,0.0276342009064478,1.46016570002108,94.101759527105,1.55168798900142
"7128",188628,"111C",188628,90,7419931,83554,91,0.00122642649911434,0.00122642649911434,0.0276342009064478,4.43807477287389,94.101759527105,4.71625057297206
"7139",188636,"111B",188636,91,30978541,83485,541,0.00174637017282383,0.00174637017282383,0.0668986377935725,2.61047194744467,78.1503625656921,3.34031968853675
"7142",188637,"111B",188637,91,30978541,83486,422,0.00136223329562228,0.00136223329562228,0.0263548886031546,5.16880688108554,93.8084444001535,5.50995905980196
"7143",188637,"111C",188637,90,7419931,83567,20,0.000269544285519636,0.000269544285519636,0.0263548886031546,1.02274871876094,93.8084444001535,1.09025229583624
"7145",188638,"111B",188638,91,30978541,83769,18,5.81047377279647e-05,5.81047377279647e-05,0.00946137392386353,0.614125793944287,99.3858742060557,0.617920603758062
"7147",188639,"111B",188639,91,30978541,83483,1203,0.00388333330481897,0.00388333330481897,0.0384003158677803,10.1127639631664,68.1975227250086,14.8286382834519
"7151",188640,"111C",188640,90,7419931,83695,143,0.0019272416414654,0.0019272416414654,0.0239040379563917,8.06241039685962,79.4327318152702,10.1499850409396
"7155",188642,"111B",188642,91,30978541,83575,47,0.000151717926289685,0.000151717926289685,0.00217831037458909,6.96493612937529,83.7545583697563,8.31588902734913
"7156",188642,"111C",188642,90,7419931,83588,15,0.000202158214139727,0.000202158214139727,0.00217831037458909,9.2805055008684,83.7545583697563,11.0805975000157
"7164",188647,"111C",188647,90,7419931,83569,387,0.00521568192480496,0.00521568192480496,0.107886573658208,4.83441242774897,73.9159118273371,6.54042182289768
"7169",188650,"111C",188650,90,7419931,83539,115,0.00154987964173791,0.00154987964173791,0.111142968371327,1.39449185535498,98.605508144645,1.41421293961529
"7173",188655,"111B",188655,91,30978541,83496,642,0.00207240231229741,0.00207240231229741,0.0270460633343362,7.66249153038994,91.2412353802278,8.39805763091456
"7174",188655,"111C",188655,90,7419931,83549,22,0.0002964987140716,0.0002964987140716,0.0270460633343362,1.09627308938222,91.2412353802278,1.20151057229086
"7182",188661,"111B",188661,91,30978541,83505,89,0.000287295647654936,0.000287295647654936,0.083272018051291,0.345008628802508,81.3826169606105,0.423934055806406
"7185",188662,"111B",188662,91,30978541,83617,430,0.00138805762350138,0.00138805762350138,0.0559110020486613,2.48261982908713,87.4656941929132,2.83839264296182
"7186",188662,"111C",188662,90,7419931,83546,417,0.00561999835308442,0.00561999835308442,0.0559110020486613,10.0516859779997,87.4656941929132,11.4921468019562
"7188",188663,"111B",188663,91,30978541,83696,67,0.000216278745987424,0.000216278745987424,0.00986280583001094,2.19287239062663,97.8071276093734,2.24203740997755
"7190",188664,"111B",188664,91,30978541,83676,6,1.93682459093216e-05,1.93682459093216e-05,0.0321914653342042,0.0601657790605211,99.8142368229702,0.0602777529294049
"7191",188664,"111C",188664,90,7419931,83675,3,4.04316428279454e-05,4.04316428279454e-05,0.0321914653342042,0.125597397969287,99.8142368229702,0.12583114590361
"7193",188665,"111B",188665,91,30978541,83512,563,0.00181738707449134,0.00181738707449134,0.0140505564727235,12.9346270236304,87.0653729763696,14.8562242157292
"7195",188667,"111B",188667,91,30978541,83740,22,7.10169016675124e-05,7.10169016675124e-05,0.00274415091290295,2.58793717698222,97.4120628230178,2.65669066230955
"8078",189356,"111C",189356,90,7419931,82523,24,0.000323453142623563,0.000323453142623563,0.012791030662086,2.52874964628388,76.5785412220327,3.30216481788547
"10897",191613,"111B",191613,91,30978541,73356,414,0.00133640896774319,0.00133640896774319,0.0330896732387178,4.03874936480023,95.9612506351998,4.20872939657038
"10899",191614,"111B",191614,91,30978541,73337,2401,0.00775052640471351,0.00775375444569839,0.116600854967836,6.64982640808012,92.8819252955945,7.15944074901248
"10908",191616,"111B",191616,91,30978541,73294,4391,0.0141743279646385,0.0141743279646385,0.187207640472561,7.57144736660254,91.8258198609958,8.24544488474381
"10911",191617,"111B",191617,91,30978541,73348,1068,0.00344754777185924,0.00344754777185924,0.0526397004558682,6.54933014816369,93.4506698518363,7.00832873487958
"10913",191618,"111B",191618,91,30978541,73350,336,0.00108462177092201,0.00108462177092201,0.0525390882548117,2.06440919884573,93.310698755897,2.21240353611141
"10929",191626,"111B",191626,91,30978541,73307,578,0.00186580768926464,0.00186580768926464,0.0157369135999423,11.8562491775482,88.1437508224517,13.4510377274849
"10931",191627,"111B",191627,91,30978541,73943,184,0.000593959541219194,0.000593959541219194,0.0158265890052411,3.75292200374004,96.1320855371127,3.90392238218028
"10934",191628,"111B",191628,91,30978541,73357,12,3.87364918186431e-05,3.87364918186431e-05,0.00876628929493211,0.441880144670073,99.5581198553299,0.443841391653618
"10936",191629,"111B",191629,91,30978541,73317,7,2.25962868942085e-05,2.25962868942085e-05,0.00464990207782956,0.485951887071905,99.5140481129281,0.488324911192889
"10944",191634,"111B",191634,91,30978541,73336,1239,0.0039995427802749,0.0039995427802749,0.0413328896885326,9.6764170383774,82.0677254441287,11.7907703497461
"10953",191637,"111B",191637,91,30978541,73331,1160,0.00374452754246883,0.00374452754246883,0.0445280655561508,8.40936496050319,91.5906350394968,9.18146812376266
"10955",191638,"111B",191638,91,30978541,73330,817,0.00263730948465262,0.00263730948465262,0.039153022823167,6.73590260594672,93.2640973940533,7.22239617833498
"10957",191639,"111B",191639,91,30978541,73351,257,0.00082960653311594,0.00082960653311594,0.0184198554159473,4.50387103689041,95.4961289631096,4.71628649851375
"10959",191640,"111B",191640,91,30978541,73355,96,0.000309891934549145,0.000309891934549145,0.05805869102364,0.533756323274606,96.5473065482094,0.552844343729137
"10976",191650,"111B",191650,91,30978541,73321,163,0.000526170680536569,0.000526170680536569,0.0149675812184849,3.5154022073169,96.4845977926831,3.64348537252595
"11035",191677,"111B",191677,91,30978541,73341,1228,0.00396403432944114,0.00396403432944114,0.0330915573322884,11.9789899569741,86.4810923414254,13.8515710574992
"11038",191678,"111B",191678,91,30978541,73338,736,0.00237583816487678,0.00237583816487678,0.0263705722193627,9.00942969729079,90.8007818320671,9.92219396739714
"11052",191683,"111B",191683,91,30978541,73922,45,0.000145261844319912,0.000145261844319912,0.00804872581740209,1.80478062758508,60.5470563280829,2.98079004502814
"11055",191684,"111B",191684,91,30978541,73354,114,0.000367996672277109,0.000367996672277109,0.0138181892184836,2.66313238629608,85.4442656415759,3.11680645424172
"11064",191687,"111B",191687,91,30978541,73291,1772,0.00572008862521963,0.00572008862521963,0.325058147056132,1.75971243207507,89.8412841936424,1.95869020336154
"11069",191688,"111B",191688,91,30978541,73949,647,0.00208854251722184,0.00208854251722184,0.0446027847796733,4.68253838305999,88.9000717328311,5.26719303121857
"11074",191689,"111B",191689,91,30978541,73346,976,0.00315056800124964,0.00315056800124964,0.12050707099212,2.61442583851006,94.5595071577918,2.76484714979251
"12706",215406,"111C",215406,90,7419931,83578,535,0.00721030963765027,0.00721030963765027,0.0841535696350055,8.56803777774744,78.9691454868648,10.8498549970666
"12834",243641,"111C",243641,90,7419931,82385,112,0.00150944799890996,0.00150944799890996,0.0747935878430745,2.01815161224376,93.880223546123,2.14970899728658
"12978",268411,"111C",268411,90,7419931,82446,29,0.000390839214003473,0.000390839214003473,0.00420458247978021,9.29555350342189,90.7044464965781,10.2481784107161
"13236",272593,"111C",272593,90,7419931,83044,54,0.000727769570903018,0.000727769570903018,0.00617404361806116,11.7875676934651,88.2124323065349,13.3627056699941
"13264",272614,"111C",272614,90,7419931,83086,40,0.000539088571039272,0.000539088571039272,0.00419606563595489,12.8474770847238,87.1525229152762,14.7413713969167
"13267",272616,"111C",272616,90,7419931,83012,1318,0.017762968415744,0.017762968415744,0.136453902526342,13.0175598402654,86.9824401597346,14.9657331024054
"13286",272629,"111C",272629,90,7419931,83040,44,0.0005929974281432,0.0005929974281432,0.0578153636079868,1.02567447670827,98.9743255232917,1.03630357800912
"16218",604519,"111C",604519,90,7419931,82489,147,0.00198115049856933,0.00198115049856933,0.0257325687919423,7.69900010600452,83.0249764220514,9.27311326999627
"16237",606832,"111C",606832,90,7419931,82655,11,0.0001482493570358,0.0001482493570358,0.0153750151038903,0.964222513175215,99.0357774868248,0.97361028271171
"16239",606833,"111C",606833,90,7419931,82609,264,0.0035579845688592,0.0035579845688592,0.0937585843595315,3.79483606025403,96.205163939746,3.94452429043286
"16244",606848,"111C",606848,90,7419931,82629,84,0.00113208599918247,0.00113208599918247,0.13007593249918,0.870327029321592,98.4460393860699,0.884065052031685
"16252",612129,"111C",612129,90,7419931,82407,106,0.00142858471325407,0.00142858471325407,0.0186395168829924,7.66427972474749,58.2155087004179,13.1653573005581
"16259",612211,"111C",612211,90,7419931,82402,220,0.002964987140716,0.002964987140716,0.0456414814336758,6.49625526512452,82.3586355675004,7.88776455603159
"16262",612212,"111C",612212,90,7419931,82581,20,0.000269544285519636,0.000269544285519636,0.0361893268110968,0.74481707528471,96.8502675034491,0.769039770858851
"16282",612248,"111C",612248,90,7419931,82524,7,9.43404999318727e-05,9.43404999318727e-05,0.0211902059778819,0.44520803634634,99.5547919636537,0.447199002242786
"16308",612346,"111C",612346,90,7419931,82569,294,0.00396230099713865,0.00396230099713865,0.232293811958651,1.70572817404363,93.0652570714146,1.83283023946812
"16323",612368,"111C",612368,90,7419931,82567,264,0.0035579845688592,0.0035579845688592,0.066596941298757,5.34256453745813,91.764922644998,5.82201170498055
"16338",612664,"111C",612664,90,7419931,82612,38,0.000512134142487309,0.000512134142487309,0.118837425635493,0.430953581961768,99.1687480010171,0.434565919857482
"16463",614082,"111C",614082,90,7419931,82431,125,0.00168465178449773,0.00168465178449773,0.0252388810126704,6.67482755535794,49.6258370377193,13.4503072467767
"16475",614145,"111C",614145,90,7419931,82564,132,0.0017789922844296,0.0017789922844296,0.0989604067020455,1.79768085410751,97.6470954176121,1.84099777511997
"16482",614151,"111C",614151,90,7419931,82582,87,0.00117251764201042,0.00117251764201042,0.0121373285543327,9.66042598881337,82.9907935806629,11.6403586133008
"16524",615116,"111C",615116,90,7419931,82386,226,0.00304585042637189,0.00304585042637189,0.0267905241257685,11.3691333998286,88.6308666001714,12.8275101394604
"16663",625101,"111C",625101,90,7419931,82445,145,0.00195419607001736,0.00195419607001736,0.22368888465113,0.873622340718973,92.2669690808551,0.946841919076591
"16673",625127,"111C",625127,90,7419931,82623,16,0.000215635428415709,0.000215635428415709,0.00854122970981909,2.52464148303859,92.3172361306272,2.73474552408205
"16855",644364,"111B",644364,91,30978541,97060,275,0.000887711270843904,0.000887711270843904,0.0121030815969123,7.33458882959508,92.6654111704049,7.9151311551484
"16859",644366,"111B",644366,91,30978541,97157,109,0.000351856467352675,0.000351856467352675,0.00416462739361851,8.44869022116666,91.5513097788333,9.22836630254306
"16861",644367,"111B",644367,91,30978541,97069,1569,0.00506479630528759,0.00506479630528759,0.0742998024926231,6.81670224599917,93.1832977540008,7.3153691812828
"16877",644379,"111B",644379,91,30978541,97007,31,0.000100069270531495,0.000100069270531495,0.0106693614682827,0.937912459231745,99.0620875407683,0.9467925444694
"16880",644381,"111B",644381,91,30978541,97141,153,0.0004938902706877,0.0004938902706877,0.00923869423283917,5.3458882634318,94.6541117365682,5.64781409423601
"16882",644382,"111B",644382,91,30978541,97105,86,0.000277611524700276,0.000277611524700276,0.0035444009340784,7.83239621768294,92.1676037823171,8.49799267449941
"16894",644389,"111B",644389,91,30978541,97000,11,3.55084508337562e-05,3.55084508337562e-05,0.00462630303866457,0.767534044721939,99.2324659552781,0.7734706956369
"16896",644390,"111B",644390,91,30978541,97001,479,0.00154623163176084,0.00154623163176084,0.0281810299639329,5.48678183068454,94.5132181693155,5.80530632324387
"16898",644391,"111B",644391,91,30978541,97030,33,0.000106525352501269,0.000106525352501269,0.00113934038861385,9.34973898633312,90.6502610136669,10.3140783951229
"16904",644395,"111B",644395,91,30978541,97117,287,0.000926447762662548,0.000926447762662548,0.00955750557546241,9.6934054115655,90.3065945884345,10.7338843367336
"16913",644403,"111B",644403,91,30978541,97037,9,2.90523688639823e-05,2.90523688639823e-05,0.00168519630342337,1.72397534963519,98.2760246503648,1.75421762914053
"16915",644404,"111B",644404,91,30978541,97038,44,0.000142033803335025,0.000142033803335025,0.026626687218363,0.533426491137327,99.4665735088627,0.536287189072415
"16923",644410,"111B",644410,91,30978541,96980,873,0.00281807977980629,0.00281807977980629,0.0230011965207553,12.2518834064279,87.7481165935721,13.9625599751339
"16935",644416,"111B",644416,91,30978541,97061,153,0.0004938902706877,0.0004938902706877,0.0376752315707407,1.3109150232039,98.6890849767961,1.32832827815977
"16944",644421,"111B",644421,91,30978541,96988,499,0.00161079245145858,0.00161079245145858,0.0300518796353341,5.36003894267117,94.6399610573288,5.66361068071899
"16946",644422,"111B",644422,91,30978541,96951,117,0.00037768079523177,0.00037768079523177,0.0181175302481082,2.08461523209658,97.9153847679034,2.12899661992639
"16957",644430,"111B",644430,91,30978541,97058,329,0.0010620254840278,0.0010620254840278,0.0188428235506708,5.63623323846276,94.3637667615372,5.97287860785151
"16969",644437,"111B",644437,91,30978541,97123,148,0.000477750065763265,0.000477750065763265,0.0038446360865708,12.4264053867681,87.5735946132319,14.1896714890479
"16980",644446,"111B",644446,91,30978541,97022,142,0.000458381819853943,0.000458381819853943,0.00420745490248288,10.8945153418863,89.1054846581137,12.2265373267281
"16993",644454,"111B",644454,91,30978541,97048,326,0.00105234136107314,0.00105234136107314,0.0141240488445597,7.45070604509045,92.5492939549095,8.05052715877062
"17003",644460,"111B",644460,91,30978541,97003,740,0.00238875032881632,0.00238875032881632,0.0459899242982739,5.19407319160553,94.8059268083945,5.47863764055902
"17008",644463,"111B",644463,91,30978541,97110,421,0.0013590052546374,0.0013590052546374,0.0124060312796654,10.9543916503333,89.0456083496667,12.3020010232478
"17010",644464,"111B",644464,91,30978541,97059,173,0.000558451090385438,0.000558451090385438,0.00590906995588498,9.45074427201972,90.5492557279803,10.4371308146483
"17020",644469,"111B",644469,91,30978541,97229,55,0.000177542254168781,0.000177542254168781,0.0342149399861434,0.518902719808024,99.481097280192,0.521609364989729
"17470",1249112,"111B",1249112,91,30978541,74099,178,0.000574591295309873,0.000574591295309873,0.0067481240425987,8.51483007251594,68.2913607266182,12.4683854325326
"17516",1404513,"111",1404513,79,60797146,94554,1140,0.0018750880181119,0.0018750880181119,0.0845871144906591,2.21675373300382,97.7832462669962,2.26700771106637
"17546",1407435,"111B",1407435,91,30978541,96743,8,2.58243278790954e-05,2.58243278790954e-05,0.000408011389700492,6.32931543848622,93.6706845615138,6.75698642335612
"17609",1414131,"111B",1414131,91,30978541,84122,12,3.87364918186431e-05,3.87364918186431e-05,0.0010488022980609,3.69340264511831,96.3065973548817,3.83504634839131
"17695",1454479,"111",1454479,79,60797146,94421,55,9.04647728036444e-05,9.04647728036444e-05,0.0193698701977024,0.467038611411941,99.532961388588,0.46923009714196
"17710",1529121,"111B",1529121,91,30978541,97329,12,3.87364918186431e-05,3.87364918186431e-05,0.000948705686631491,4.08308839764441,95.9169116023556,4.25690144671436
"17722",1529134,"111B",1529134,91,30978541,97311,28,9.03851475768339e-05,9.03851475768339e-05,0.00130974386862605,6.90097886632215,93.0990211336779,7.4125149569653
"17724",1529135,"111B",1529135,91,30978541,97298,7,2.25962868942085e-05,2.25962868942085e-05,0.000245538739623356,9.20273799925422,90.7972620007458,10.1354796350342
"17730",1529141,"111B",1529141,91,30978541,97310,44,0.000142033803335025,0.000142033803335025,0.00143873990594333,9.87209729488236,90.1279027051176,10.9534306231247
"17819",1539759,"111B",1539759,91,30978541,84124,1,3.22804098488693e-06,3.22804098488693e-06,7.14757305958505e-05,4.51627560568696,95.483724394313,4.72989049634928
"17828",1539778,"111B",1539778,91,30978541,84097,4,1.29121639395477e-05,1.29121639395477e-05,0.000135758005239282,9.51116209816812,90.4888379018319,10.5108677696651
"17967",1592205,"111B",1592205,91,30978541,96959,16,5.16486557581908e-05,5.16486557581908e-05,0.00512927676281388,1.0069383686338,98.9930616313662,1.01718075190307
"18164",1605976,"111",1605976,79,60797146,84955,34,5.5923677733162e-05,5.5923677733162e-05,0.000651953500335577,8.57786294641821,91.4221370535818,9.38269791417235
"18170",1605982,"111",1605982,79,60797146,84995,55,9.04647728036444e-05,9.04647728036444e-05,0.00157826440632265,5.73191490863226,94.2680850913678,6.08044058927971
"18172",1605983,"111",1605983,79,60797146,84996,1,1.64481405097535e-06,1.64481405097535e-06,0.00167143828653255,0.0984071062765691,99.9015928937234,0.0985040412531318
"18309",1702554,"111C",1702554,90,7419931,94791,281,0.00378709721155089,0.00378709721155089,0.0507889073906071,7.45654397017266,92.5434560298273,8.05734331746739
"18656",2399566,"111B",2399566,91,30978541,83633,200,0.000645608196977385,0.00198524520570546,0.0974774125093657,2.0366207458725,97.9633792541275,2.07896130306948
"18942",2481959,"111C",2481959,90,7419931,94969,11,0.0001482493570358,0.0001482493570358,0.00254165612341698,5.83278578364467,94.1672142163553,6.19407278019658
"19133",2522073,"111C",2530222,90,7419931,94831,78,0.00105122271352658,0.00105122271352658,0.0355133434539967,2.9600781320078,97.0399218679922,3.05037151208194
"19144",2531380,"111B",2673730,91,30978541,74111,729,0.00235324187798257,0.00235324187798257,0.141942983980657,1.6578782635028,97.8417492838271,1.69444871503012
"19154",2531381,"111B",2673731,91,30978541,83475,339,0.00109430589387667,0.00109430589387667,1.7995028243703,0.0608115685653118,99.9391884314347,0.0608485715361125
"19323",2531474,"111B",644362,91,30978541,97124,386,0.00124602382016635,0.00219183982873822,0.0352601203682371,6.21620064210747,93.7837993578925,6.62822436782023
"19324",2531474,"111B",169067,91,30978541,83697,73,0.000235646991896746,0.00219183982873822,0.0352601203682371,6.21620064210747,93.7837993578925,6.62822436782023
"19528",2545190,"111C",186970,90,7419931,83640,63,0.000849064499386854,0.000849064499386854,1.19863760557829,0.0708357968609887,36.0730804500475,0.196367473964634
"19575",2545191,"111C",186960,90,7419931,82781,1986,0.0267657475520999,0.0267657475520999,6.40841847969319,0.417665413657276,39.203120172464,1.06538819313326
"20458",2585831,"111",163544,79,60797146,94595,36948,0.0607725895554374,0.0607725895554374,0.873202934360717,6.95973263075779,75.4030673145153,9.23003914645528
"20815",2598144,"111B",191609,91,30978541,73316,3603,0.0116306316685476,0.0149361456370718,0.466597610571532,3.20107632329634,52.1332485734194,6.14018195852165
"20816",2598144,"111B",188622,91,30978541,83484,135,0.000435785532959735,0.0149361456370718,0.466597610571532,3.20107632329634,52.1332485734194,6.14018195852165
"20818",2598144,"111B",160854,91,30978541,95944,257,0.00082960653311594,0.0149361456370718,0.466597610571532,3.20107632329634,52.1332485734194,6.14018195852165
"20862",2598146,"111B",191610,91,30978541,73292,1166,0.00376389578837816,0.00489693817407347,0.162172745487364,3.01958147120043,48.7814219466733,6.19002347758817
"20863",2598146,"111B",272519,91,30978541,95688,38,0.000122665557425703,0.00489693817407347,0.162172745487364,3.01958147120043,48.7814219466733,6.19002347758817
"20872",2598147,"111B",191611,91,30978541,73310,635,0.0020498060254032,0.0020498060254032,0.0619843117532682,3.30697553529764,96.5908513102648,3.42369436694902
"20876",2598148,"111B",191612,91,30978541,73290,1086,0.0035056525095872,0.0035056525095872,0.0785884675578377,4.46077219536975,94.6244935106028,4.71418343166076
"21127",2598194,"111B",191630,91,30978541,73933,1455,0.00469679963301048,0.00528753113324478,0.291573504171763,1.81344705797751,40.9517630726589,4.42825148885531
"21128",2598194,"111B",188649,91,30978541,83527,183,0.000590731500234307,0.00528753113324478,0.291573504171763,1.81344705797751,40.9517630726589,4.42825148885531
"21733",2621722,"111B",172162,91,30978541,84872,277,0.000894167352813678,0.000894167352813678,0.0178002987715137,5.02332777832156,82.867152047594,6.06190469226751
"22205",2622723,"111B",170695,91,30978541,97366,30,9.68412295466078e-05,0.0191100026305306,2.30126269491544,0.830413784256508,99.1695862157435,0.837367398559012
"22206",2622723,"111B",168206,91,30978541,83761,2369,0.00764722909319713,0.0191100026305306,2.30126269491544,0.830413784256508,99.1695862157435,0.837367398559012
"22207",2622723,"111B",168120,91,30978541,96599,3521,0.0113659323077869,0.0191100026305306,2.30126269491544,0.830413784256508,99.1695862157435,0.837367398559012
"22255",2623883,"111C",186986,90,7419931,82786,53,0.000714292356627036,0.000714292356627036,4.00422831258446,0.0178384522776127,70.7257188550729,0.0252220162147326
"22272",2623884,"111C",186987,90,7419931,83638,74,0.000997313856422654,0.000997313856422654,1.58111073059271,0.0630767875472447,67.6193868392446,0.0932821051708154
"22379",2625789,"111C",188629,90,7419931,83749,38,0.000512134142487309,0.000512134142487309,0.26710291474952,0.191736635658795,61.7766519033321,0.31037071409895
"22408",2645681,"111B",169093,91,30978541,83692,159,0.000513258516597021,0.000513258516597021,3.82198804013082,0.0134290979251587,99.9865709020748,0.0134309015740833
"22983",2656782,"111C",2481958,90,7419931,82689,1056,0.0142319382754368,0.0149327534177878,0.550453846526303,2.71280753364202,97.287192466358,2.78845289381756
"22984",2656782,"111C",162589,90,7419931,94984,52,0.000700815142351054,0.0149327534177878,0.550453846526303,2.71280753364202,97.287192466358,2.78845289381756
"22989",2656783,"111B",162590,91,30978541,95196,13,4.196453280353e-05,4.196453280353e-05,1.53479047920454,0.0027342189941965,85.2819879588386,0.00320609200094652
"22990",2656783,"111C",162590,90,7419931,94962,2511,0.0338412850469903,0.0819279855836934,1.53479047920454,5.33805667247528,85.2819879588386,6.2593014072933
"22992",2656783,"111C",2481963,90,7419931,82733,3057,0.0411998440416764,0.0819279855836934,1.53479047920454,5.33805667247528,85.2819879588386,6.2593014072933
"23002",2656784,"111B",162591,91,30978541,96092,12,3.87364918186431e-05,3.87364918186431e-05,0.311876251653827,0.0124204685715023,76.0830581317511,0.016324880829572
"23038",2656788,"111",163581,79,60797146,94489,4113,0.00676512019166163,0.00843131682529966,3.27076396274916,0.257778210880523,81.5389093051655,0.316141352732312
"23039",2656788,"111",184994,79,60797146,95119,1013,0.00166619663363803,0.00843131682529966,3.27076396274916,0.257778210880523,81.5389093051655,0.316141352732312
"23040",2656788,"111C",184994,90,7419931,95317,204,0.00274935171230029,0.00274935171230029,3.27076396274916,0.084058395641286,81.5389093051655,0.103089919104376
"23049",2656789,"111B",162567,91,30978541,95186,105,0.000338944303413127,0.000338944303413127,1.53671388598385,0.0220564352612799,44.6539164713503,0.0493941786168549
"23294",2656819,"111C",165372,90,7419931,82509,87,0.00117251764201042,0.00117251764201042,0.11708567246156,1.00141854879414,57.0949218633816,1.75395379503341
"23311",2656821,"111",184937,79,60797146,95296,1181,0.00194252539420189,0.004538041966641,2.62360539227758,0.172969684389216,83.3440640462717,0.207536897040665
"23312",2656821,"111",163588,79,60797146,94478,1578,0.00259551657243911,0.004538041966641,2.62360539227758,0.172969684389216,83.3440640462717,0.207536897040665
"23313",2656821,"111C",184937,90,7419931,95082,735,0.00990575249284663,0.0167252229164934,2.62360539227758,0.637490034352081,83.3440640462717,0.764889547500533
"23325",2656823,"111C",186962,90,7419931,82778,272,0.00366580228306705,0.00366580228306705,0.473676249839408,0.773904599251046,98.7973418797146,0.783325324878955
"23336",2656824,"111",163631,79,60797146,94565,4,6.57925620390141e-06,0.134111558460326,8.48783614242948,1.58004415035679,54.4646766670568,2.90104384538188
"23337",2656824,"111",184959,79,60797146,95208,1267,0.00208397940258577,0.134111558460326,8.48783614242948,1.58004415035679,54.4646766670568,2.90104384538188
"23338",2656824,"111",161853,79,60797146,94608,80265,0.132020999801537,0.134111558460326,8.48783614242948,1.58004415035679,54.4646766670568,2.90104384538188
"23339",2656824,"111C",184959,90,7419931,95087,2642,0.0356068001171439,0.0365502051164627,8.48783614242948,0.43061864653293,54.4646766670568,0.790638397002349
"23340",2656824,"111C",161853,90,7419931,95437,70,0.000943404999318727,0.0365502051164627,8.48783614242948,0.43061864653293,54.4646766670568,0.790638397002349
"23354",2656825,"111",161342,79,60797146,94398,1994,0.00327975921764485,0.0035100331847814,3.38814346627074,0.10359753710916,51.8489412736139,0.19980646579158
"23355",2656825,"111",184919,79,60797146,95125,52,8.55303306507184e-05,0.0035100331847814,3.38814346627074,0.10359753710916,51.8489412736139,0.19980646579158
"23356",2656825,"111",163483,79,60797146,94534,88,0.000144743636485831,0.0035100331847814,3.38814346627074,0.10359753710916,51.8489412736139,0.19980646579158
"23359",2656825,"111B",162556,91,30978541,95192,77,0.000248559155836293,0.00624948734674109,3.38814346627074,0.184451674167734,51.8489412736139,0.355748197816341
"23602",2657309,"111B",160871,91,30978541,95898,394,0.00127184814804545,0.00127184814804545,1.35417510302943,0.0939205088913679,41.1171073336304,0.228421975625091
"23627",2657311,"111",161356,79,60797146,94396,8181,0.0134562237510294,0.0147194409421784,1.66706960610229,0.882952990582884,74.3127316289996,1.18815843695661
"23628",2657311,"111",184940,79,60797146,95264,173,0.000284552830818736,0.0147194409421784,1.66706960610229,0.882952990582884,74.3127316289996,1.18815843695661
"23629",2657311,"111",163596,79,60797146,94541,595,0.000978664360330335,0.0147194409421784,1.66706960610229,0.882952990582884,74.3127316289996,1.18815843695661
"23646",2657312,"111",163666,79,60797146,94471,2192,0.00360543239973797,0.0648270561910916,3.94342314265878,1.64392848157256,96.2768577097209,1.7075011801165
"23647",2657312,"111",161366,79,60797146,94369,37221,0.0612216237913536,0.0648270561910916,3.94342314265878,1.64392848157256,96.2768577097209,1.7075011801165
"23649",2657312,"111C",2451242,90,7419931,94771,24,0.000323453142623563,0.0291646916932246,3.94342314265878,0.739578042684024,96.2768577097209,0.768178418238249
"23650",2657312,"111C",202287,90,7419931,82403,184,0.00247980742678065,0.0291646916932246,3.94342314265878,0.739578042684024,96.2768577097209,0.768178418238249
"23652",2657312,"111C",162582,90,7419931,95001,453,0.00610517806701976,0.0291646916932246,3.94342314265878,0.739578042684024,96.2768577097209,0.768178418238249
"23665",2657313,"111",184963,79,60797146,95161,3313,0.00544926895088135,0.0222296618989319,1.09630904361354,2.02768206906884,90.8806381343806,2.23114858202317
"23666",2657313,"111",175587,79,60797146,94664,10202,0.0167803929480506,0.0222296618989319,1.09630904361354,2.02768206906884,90.8806381343806,2.23114858202317
"23667",2657313,"111C",184963,90,7419931,95091,2216,0.0298655068355757,0.0298655068355757,1.09630904361354,2.72418685310996,90.8806381343806,2.99754371121586
"23684",2657315,"111C",612130,90,7419931,82566,509,0.00685990206647474,0.00685990206647474,0.701353035771364,0.97809544075475,81.6522152110482,1.19787985938489
"23689",2657316,"111C",612665,90,7419931,82563,292,0.00393534656858669,0.00393534656858669,0.733120446534578,0.536793999838481,47.6523726326884,1.12647906112917
"23697",2657317,"111C",186988,90,7419931,83641,79,0.00106469992780256,0.00106469992780256,0.621976167226214,0.171180180834056,77.7907554009497,0.220052087104384
"23749",2661080,"111B",169069,91,30978541,83609,4,1.29121639395477e-05,1.29121639395477e-05,1.96025653727539,0.000658697659924382,96.3972262978836,0.000683315988666412
"23791",2661090,"111B",2393220,91,30978541,97004,806,0.00260180103381886,0.00285358823064004,6.44008031879413,0.0443098236261494,99.9556901763738,0.0443294659343194
"23792",2661090,"111B",168449,91,30978541,84170,78,0.00025178719682118,0.00285358823064004,6.44008031879413,0.0443098236261494,99.9556901763738,0.0443294659343194
"23806",2661092,"111B",2436883,91,30978541,96491,6955,0.0224510250498886,0.0678405093383836,7.47427997914301,0.907652770938373,99.0923472290616,0.915966566863378
"23807",2661092,"111B",2399605,91,30978541,96619,9830,0.0317316428814385,0.0678405093383836,7.47427997914301,0.907652770938373,99.0923472290616,0.915966566863378
"23808",2661092,"111B",2399587,91,30978541,96984,3,9.68412295466078e-06,0.0678405093383836,7.47427997914301,0.907652770938373,99.0923472290616,0.915966566863378
"23809",2661092,"111B",2398583,91,30978541,97317,1930,0.00623011910083177,0.0678405093383836,7.47427997914301,0.907652770938373,99.0923472290616,0.915966566863378
"23810",2661092,"111B",171907,91,30978541,96739,2298,0.00741803818327016,0.0678405093383836,7.47427997914301,0.907652770938373,99.0923472290616,0.915966566863378
"23824",2661093,"111B",2399606,91,30978541,96625,5806,0.0187420059582535,0.0187420059582535,3.6426806747625,0.514511362143361,99.4854886378566,0.517172272245921
"23837",2662380,"111B",168454,91,30978541,84147,24,7.74729836372862e-05,0.00816371565077903,3.19085031954627,0.255847652920927,72.6288438611899,0.352267280214331
"23838",2662380,"111B",169568,91,30978541,84980,504,0.00162693265638301,0.00816371565077903,3.19085031954627,0.255847652920927,72.6288438611899,0.352267280214331
"23839",2662380,"111B",170653,91,30978541,97281,136,0.000439013573944622,0.00816371565077903,3.19085031954627,0.255847652920927,72.6288438611899,0.352267280214331
"23840",2662380,"111B",169094,91,30978541,83751,128,0.000413189246065526,0.00816371565077903,3.19085031954627,0.255847652920927,72.6288438611899,0.352267280214331
"23841",2662380,"111B",168171,91,30978541,83746,1444,0.00466129118217672,0.00816371565077903,3.19085031954627,0.255847652920927,72.6288438611899,0.352267280214331
"23842",2662380,"111B",2508741,91,30978541,73416,293,0.000945816008571869,0.00816371565077903,3.19085031954627,0.255847652920927,72.6288438611899,0.352267280214331
"24294",2671639,"111B",191646,91,30978541,73306,10700,0.0345400385382901,0.0475070791745809,0.625020739264707,7.60088044925831,91.0960869020721,8.34380565372607
"24295",2671639,"111B",188515,91,30978541,73364,4017,0.0129670406362908,0.0475070791745809,0.625020739264707,7.60088044925831,91.0960869020721,8.34380565372607
"24330",2671643,"111B",188523,91,30978541,73557,67,0.000216278745987424,0.000216278745987424,0.0311695867459089,0.693877489459533,98.1091628815449,0.70725044336308
"24544",2676836,"111B",188516,91,30978541,73372,1710,0.00551995008415664,0.00551995008415664,0.0976248281286362,5.65424819686569,93.297129886161,6.0604738899952
"24548",2676837,"111B",188517,91,30978541,73404,4015,0.012960584554321,0.0368577719654389,0.370817284564738,9.93960462460704,88.7180815990897,11.2035838077782
"24549",2676837,"111B",191647,91,30978541,73302,7403,0.0238971874111179,0.0368577719654389,0.370817284564738,9.93960462460704,88.7180815990897,11.2035838077782
"24559",2676838,"111B",188616,91,30978541,83513,688,0.0022208921976022,0.0275319615601006,0.490804463337018,5.60955810648269,93.9038978581263,5.97372232083255
"24560",2676838,"111B",188518,91,30978541,73367,7841,0.0253110693624984,0.0275319615601006,0.490804463337018,5.60955810648269,93.9038978581263,5.97372232083255
"24561",2676838,"111C",188616,90,7419931,83545,4,5.39088571039272e-05,5.39088571039272e-05,0.490804463337018,0.0109837748290626,93.9038978581263,0.0116968252432474
"24567",2676839,"111B",191648,91,30978541,73296,2210,0.00713397057660011,0.00713397057660011,0.0731860589484325,9.7477179111759,89.9538747010059,10.8363513451488
"24574",2676842,"111B",188519,91,30978541,73380,178,0.000574591295309873,0.000574591295309873,0.00505594234751245,11.3646726132582,88.6353273867418,12.8218318229602
"24576",2676843,"111B",191649,91,30978541,73320,311,0.00100392074629983,0.00100392074629983,0.0269571060059362,3.72414140478863,96.1745900249191,3.87227167157531
"24582",2676845,"111B",188618,91,30978541,83522,33,0.000106525352501269,0.000106525352501269,0.0294163991824679,0.362129137018093,99.6378708629819,0.363445278267817
"24593",2676848,"111B",188617,91,30978541,83518,728,0.00235001383699768,0.00235001383699768,0.0642213087320334,3.65924314436386,96.3407568556361,3.79822960063219
"24607",2676855,"111B",191623,91,30978541,73322,14340,0.0462901077232785,0.0920508167250356,1.34643729831493,6.83662112155071,47.4337351696602,14.4129934045835
"24608",2676855,"111B",272529,91,30978541,95574,346,0.00111690218077088,0.0920508167250356,1.34643729831493,6.83662112155071,47.4337351696602,14.4129934045835
"24609",2676855,"111B",188469,91,30978541,73389,11856,0.0382716539168194,0.0920508167250356,1.34643729831493,6.83662112155071,47.4337351696602,14.4129934045835
"24610",2676855,"111B",188625,91,30978541,83477,1974,0.00637215290416679,0.0920508167250356,1.34643729831493,6.83662112155071,47.4337351696602,14.4129934045835
"24624",2676856,"111B",191624,91,30978541,73295,4610,0.0148812689403287,0.0163790799573163,0.27124592319526,6.03846124740668,93.755220055443,6.44066671043573
"24625",2676856,"111B",188471,91,30978541,73368,464,0.00149781101698753,0.0163790799573163,0.27124592319526,6.03846124740668,93.755220055443,6.44066671043573
"24644",2676858,"111B",188473,91,30978541,73455,636,0.00205303406638808,0.00205303406638808,0.117638375680617,1.74520776448154,98.2547922355185,1.77620625393848
"24750",2683881,"111C",186967,90,7419931,83649,47,0.000633429070971145,0.000633429070971145,1.23777900141572,0.0511746499372389,54.7272954492959,0.0935084577396146
"25018",2721633,"111B",191667,91,30978541,73323,214,0.000690800770765802,0.000690800770765802,0.319231612323981,0.21639485066558,99.7836051493344,0.216864133483379
"25030",2721635,"111B",160242,91,30978541,83950,42,0.000135577721365251,0.00123633969721169,0.156092444197846,0.792056081615738,49.7257826180249,1.59284789482354
"25031",2721635,"111B",188653,91,30978541,83526,341,0.00110076197584644,0.00123633969721169,0.156092444197846,0.792056081615738,49.7257826180249,1.59284789482354
"25130",2722888,"111C",188643,90,7419931,83544,528,0.0071159691377184,0.0071159691377184,0.170267635976306,4.17928462852953,56.9424065504938,7.33949420424222
"25213",2735383,"111",175559,79,60797146,94643,72942,0.119976026506244,0.119976026506244,2.9932867127518,4.0081702162085,85.0583908294052,4.71225728246772
"25571",2751505,"111B",162563,91,30978541,96107,4,1.29121639395477e-05,0.00335393458329752,0.80824526972501,0.41496495048324,29.223605925994,1.41996491307096
"25630",2751511,"111",175599,79,60797146,94648,34928,0.0574500651724671,0.0574500651724671,0.471361399725035,12.1881140895246,85.1518275803985,14.3133910755078
"25658",2752805,"111",175588,79,60797146,94645,3036,0.00499365545876117,0.00499365545876117,1.61644774355286,0.308927738535204,98.9833698567157,0.312100647798105
"25664",2752807,"111C",615112,90,7419931,82507,367,0.00494613763928532,0.00494613763928532,0.754686535282171,0.655389676117119,35.2804201814659,1.85765836332476
"25676",2752808,"111C",615114,90,7419931,82500,1433,0.0193128480574819,0.0193128480574819,0.873813371114356,2.21017996472778,49.6619969570823,4.45044520992141
"25692",2752810,"111C",615113,90,7419931,82381,1350,0.0181942392725754,0.0181942392725754,0.356563558830048,5.10266369683827,44.711836445807,11.4123330698415
"25711",2752814,"111C",615121,90,7419931,82574,34,0.000458225285383382,0.000458225285383382,0.0165321666047131,2.77171949895996,97.22828050104,2.85073384479973
